codigo_dane,departamento,municipio,festival,fecha,descripcion_festival,significado_festival,sitio_1,maps_1,sitio_2,maps_2,sitio_3,maps_3,hotel_1,wa_1,hotel_2,wa_2,hotel_3,wa_3
08001,Atlántico,Barranquilla,Carnaval de Barranquilla,2026-02-14,,,,,,,,,,,,,,
11001,Cundinamarca,Bogotá D.C.,Festival de Verano,2026-08-01,,,,,,,,,,,,,,
11001,Cundinamarca,Bogotá D.C.,Festival Iberoamericano de Teatro,2026-03-20,,,,,,,,,,,,,,
13001,Bolívar,Cartagena,Fiestas de la Independencia de Cartagena,2026-11-11,,,,,,,,,,,,,,
05001,Antioquia,Medellín,Feria de las Flores,2026-08-01,,,,,,,,,,,,,,
05001,Antioquia,Medellín,Alumbrados Navideños,2026-12-07,,,,,,,,,,,,,,
76001,Valle Del Cauca,Cali,Feria de Cali,2026-12-25,,,,,,,,,,,,,,
68001,Santander,Bucaramanga,Feria Bonita,2026-09-10,,,,,,,,,,,,,,
17001,Caldas,Manizales,Feria de Manizales,2026-01-05,,,,,,,,,,,,,,
23001,Córdoba,Montería,Feria Nacional de la Ganadería,2026-06-15,,,,,,,,,,,,,,
20001,Cesar,Valledupar,Festival de la Leyenda Vallenata,2026-04-29,,,,,,,,,,,,,,
73001,Tolima,Ibagué,Festival Folclórico Colombiano,2026-06-20,,,,,,,,,,,,,,
54001,Norte De Santander,Cúcuta,Feria de Cúcuta,2026-07-15,,,,,,,,,,,,,,
66001,Risaralda,Pereira,Fiestas de la Cosecha,2026-08-15,,,,,,,,,,,,,,
15001,Boyacá,Tunja,Aguinaldo Boyacense,2026-12-16,,,,,,,,,,,,,,
19001,Cauca,Popayán,Semana Santa de Popayán,2026-03-29,,,,,,,,,,,,,,
27001,Chocó,Quibdó,Fiestas de San Pacho,2026-09-20,,,,,,,,,,,,,,
41001,Huila,Neiva,Festival del Bambuco,2026-06-15,,,,,,,,,,,,,,
63001,Quindio,Armenia,Fiestas Aniversarias de Armenia,2026-10-14,,,,,,,,,,,,,,
88001,San Andrés y Providencia,San Andrés,Festival del Cangrejo,2026-01-01,,,,,,,,,,,,,,
08001,Atlántico,Barranquilla,Batalla de Flores,2026-02-14,,,,,,,,,,,,,,
08001,Atlántico,Barranquilla,Gran Parada de Tradición,2026-02-15,,,,,,,,,,,,,,
08001,Atlántico,Barranquilla,Gran Parada de Comparsas,2026-02-16,,,,,,,,,,,,,,
11001,Cundinamarca,Bogotá D.C.,Rock al Parque,2026-07-04,,,,,,,,,,,,,,
11001,Cundinamarca,Bogotá D.C.,Jazz al Parque,2026-09-12,,,,,,,,,,,,,,
11001,Cundinamarca,Bogotá D.C.,Hip Hop al Parque,2026-10-10,,,,,,,,,,,,,,
05001,Antioquia,Medellín,Desfile de Silleteros,2026-08-09,,,,,,,,,,,,,,
05001,Antioquia,Medellín,Festival Internacional de Tango,2026-06-20,,,,,,,,,,,,,,
05001,Antioquia,Medellín,Colombiamoda,2026-07-28,,,,,,,,,,,,,,
76001,Valle Del Cauca,Cali,Salsódromo,2026-12-25,,,,,,,,,,,,,,
76001,Valle Del Cauca,Cali,Superconcierto de Cali,2026-12-27,,,,,,,,,,,,,,
68001,Santander,Bucaramanga,Festival de Colonias,2026-09-12,,,,,,,,,,,,,,
17001,Caldas,Manizales,Reinado Internacional del Café,2026-01-06,,,,,,,,,,,,,,
23001,Córdoba,Montería,Cabalgata de la Feria Ganadera,2026-06-16,,,,,,,,,,,,,,
20001,Cesar,Valledupar,Desfile de Piloneras,2026-04-29,,,,,,,,,,,,,,
73001,Tolima,Ibagué,Reinado Nacional del Folclor,2026-06-24,,,,,,,,,,,,,,
66001,Risaralda,Pereira,Desfile de Jeep Willys,2026-08-20,,,,,,,,,,,,,,
15001,Boyacá,Tunja,Desfile de Carrozas Aguinaldo Boyacense,2026-12-20,,,,,,,,,,,,,,
19001,Cauca,Popayán,Procesión del Viernes Santo,2026-04-03,,,,,,,,,,,,,,
27001,Chocó,Quibdó,Desfile de Comparsas San Pacho,2026-09-25,,,,,,,,,,,,,,
41001,Huila,Neiva,Desfile Nacional del Bambuco,2026-06-25,,,,,,,,,,,,,,
63001,Quindio,Armenia,Reinado Departamental del Café,2026-10-16,,,,,,,,,,,,,,
88001,San Andrés y Providencia,San Andrés,Elección de la Reina del Coco,2026-01-05,,,,,,,,,,,,,,
05002,Antioquia,Abejorral,Fiestas de la Virgen de la Candelaria,2026-02-02,,,,,,,,,,,,,,
05004,Antioquia,Abriaquí,Fiestas de San Pedro,2026-06-29,,,,,,,,,,,,,,
05021,Antioquia,Alejandría,Fiestas de la Virgen del Carmen,2026-07-16,,,,,,,,,,,,,,
05030,Antioquia,Amagá,Fiestas de la Virgen del Carmen,2026-07-16,,,,,,,,,,,,,,
05031,Antioquia,Amalfi,Fiestas del Tigre,2026-08-15,,,,,,,,,,,,,,
05034,Antioquia,Andes,Fiestas Katías,2026-08-10,,,,,,,,,,,,,,
05036,Antioquia,Angelópolis,Fiestas de San José,2026-03-19,,,,,,,,,,,,,,
05038,Antioquia,Angostura,Fiestas de San José,2026-03-19,,,,,,,,,,,,,,
05040,Antioquia,Anorí,Fiestas de San Isidro Labrador,2026-05-15,,,,,,,,,,,,,,
05042,Antioquia,Antioquia (Santa Fe),Fiestas de los Diablitos,2026-12-22,,,,,,,,,,,,,,
05044,Antioquia,Anza,Fiestas de la Virgen del Carmen,2026-07-16,,,,,,,,,,,,,,
05045,Antioquia,Apartadó,Fiestas del Banano,2026-11-10,,,,,,,,,,,,,,
05051,Antioquia,Arboletes,Fiestas del Mar y del Volcán,2026-07-05,,,,,,,,,,,,,,
05055,Antioquia,Argelia,Fiestas de la Virgen del Carmen,2026-07-16,,,,,,,,,,,,,,
05059,Antioquia,Armenia,Fiestas de la Virgen del Carmen,2026-07-16,,,,,,,,,,,,,,
05079,Antioquia,Barbosa,Fiestas del Río Medellín,2026-08-20,,,,,,,,,,,,,,
05086,Antioquia,Belmira,Fiestas del Agua,2026-01-10,,,,,,,,,,,,,,
05088,Antioquia,Bello,Fiestas del Cerro Quitasol,2026-08-15,,,,,,,,,,,,,,
05091,Antioquia,Betania,Fiestas de la Virgen del Carmen,2026-07-16,,,,,,,,,,,,,,
05093,Antioquia,Betulia,Fiestas del Retorno,2026-12-26,,,,,,,,,,,,,,
05107,Antioquia,Briceño,Fiestas de San José,2026-03-19,,,,,,,,,,,,,,
05113,Antioquia,Buriticá,Fiestas de San Antonio,2026-06-13,,,,,,,,,,,,,,
05120,Antioquia,Cáceres,Fiestas del Río Cauca,2026-08-12,,,,,,,,,,,,,,
05125,Antioquia,Caicedo,Fiestas de San Isidro Labrador,2026-05-15,,,,,,,,,,,,,,
05129,Antioquia,Caldas,Fiestas de la Virgen del Carmen,2026-07-16,,,,,,,,,,,,,,
05134,Antioquia,Campamento,Fiestas de San José,2026-03-19,,,,,,,,,,,,,,
05138,Antioquia,Cañasgordas,Fiestas de la Virgen del Carmen,2026-07-16,,,,,,,,,,,,,,
05147,Antioquia,Carepa,Fiestas del Plátano,2026-10-10,,,,,,,,,,,,,,
05142,Antioquia,Carolina del Príncipe,Fiestas del Agua y la Vida,2026-06-10,,,,,,,,,,,,,,
05154,Antioquia,Caucasia,Fiestas del Río Cauca,2026-08-15,,,,,,,,,,,,,,
05172,Antioquia,Chigorodó,Fiestas del Banano,2026-11-05,,,,,,,,,,,,,,
05190,Antioquia,Cisneros,Fiestas del Transporte,2026-08-20,,,,,,,,,,,,,,
05197,Antioquia,Cocorná,Fiestas del Retorno,2026-12-26,,,,,,,,,,,,,,
05206,Antioquia,Concepción,Fiestas de la Virgen del Carmen,2026-07-16,,,,,,,,,,,,,,
05172,Antioquia,Donmatías,Fiestas de la Confección,2026-08-10,,,,,,,,,,,,,,
05234,Antioquia,Dabeiba,Fiestas del Grano y el Retorno,2026-10-31,,,,,,,,,,,,,,
05250,Antioquia,El Bagre,Fiestas del Oro,2026-09-01,,,,,,,,,,,,,,
05148,Antioquia,El Carmen de Viboral,Fiestas de la Loza,2026-08-15,,,,,,,,,,,,,,
05697,Antioquia,El Santuario,Fiestas del Retorno,2026-12-26,,,,,,,,,,,,,,
05264,Antioquia,Entrerrios,Fiestas de la Leche,2026-01-15,,,,,,,,,,,,,,
05266,Antioquia,Envigado,Fiestas del Carriel,2026-07-10,,,,,,,,,,,,,,
54003,Norte De Santander,Abrego,Fiestas de San José,2026-03-19,,,,,,,,,,,,,,
54051,Norte De Santander,Arboledas,Fiestas de la Virgen del Carmen,2026-07-16,,,,,,,,,,,,,,
54099,Norte De Santander,Bochalema,Fiestas de San Antonio,2026-06-13,,,,,,,,,,,,,,
54109,Norte De Santander,Bucarasica,Fiestas de San Juan Bautista,2026-06-24,,,,,,,,,,,,,,
54125,Norte De Santander,Cácota,Fiestas de San Pedro,2026-06-29,,,,,,,,,,,,,,
54128,Norte De Santander,Cachirá,Fiestas de la Virgen del Carmen,2026-07-16,,,,,,,,,,,,,,
54172,Norte De Santander,Chinácota,Fiestas del Retorno,2026-12-26,,,,,,,,,,,,,,
54174,Norte De Santander,Chitagá,Fiestas de San Isidro Labrador,2026-05-15,,,,,,,,,,,,,,
54206,Norte De Santander,Convención,Fiestas de San José,2026-03-19,,,,,,,,,,,,,,
54223,Norte De Santander,Cucutilla,Fiestas de San Pedro,2026-06-29,,,,,,,,,,,,,,
54239,Norte De Santander,Durania,Fiestas de San Antonio,2026-06-13,,,,,,,,,,,,,,
54245,Norte De Santander,El Carmen,Fiestas de la Virgen del Carmen,2026-07-16,,,,,,,,,,,,,,
54250,Norte De Santander,El Tarra,Fiestas de San Antonio,2026-06-13,,,,,,,,,,,,,,
54261,Norte De Santander,El Zulia,Fiestas del Retorno,2026-12-27,,,,,,,,,,,,,,
54313,Norte De Santander,Gramalote,Fiestas de San Rafael,2026-10-24,,,,,,,,,,,,,,
54344,Norte De Santander,Hacarí,Fiestas de San Antonio,2026-06-13,,,,,,,,,,,,,,
54347,Norte De Santander,Herrán,Fiestas de San Isidro Labrador,2026-05-15,,,,,,,,,,,,,,
54377,Norte De Santander,Labateca,Fiestas de San Antonio,2026-06-13,,,,,,,,,,,,,,
54385,Norte De Santander,La Esperanza,Fiestas de la Virgen del Carmen,2026-07-16,,,,,,,,,,,,,,
54398,Norte de Santander,La Playa de Belén,Fiestas de San José,2026-03-19,,,,,,,,,,,,,,
54405,Norte De Santander,Los Patios,Fiestas de San Pablo,2026-06-29,,,,,,,,,,,,,,
54418,Norte De Santander,Lourdes,Fiestas de Nuestra Señora de Lourdes,2026-02-11,,,,,,,,,,,,,,
54480,Norte De Santander,Mutiscua,Fiestas de San Antonio,2026-06-13,,,,,,,,,,,,,,
54498,Norte De Santander,Ocaña,Fiestas de la Virgen de Torcoroma,2026-08-15,,,,,,,,,,,,,,
54518,Norte De Santander,Pamplona,Fiestas de San Pedro y San Pablo,2026-06-29,,,,,,,,,,,,,,
54520,Norte De Santander,Pamplonita,Fiestas de San Pedro,2026-06-29,,,,,,,,,,,,,,
54553,Norte De Santander,Puerto Santander,Fiestas de San Antonio,2026-06-13,,,,,,,,,,,,,,
54599,Norte De Santander,Ragonvalia,Fiestas de San Antonio,2026-06-13,,,,,,,,,,,,,,
54660,Norte De Santander,Salazar,Fiestas de San Pablo,2026-06-29,,,,,,,,,,,,,,
54670,Norte De Santander,San Calixto,Fiestas de San Calixto,2026-10-14,,,,,,,,,,,,,,
54673,Norte De Santander,San Cayetano,Fiestas de San Cayetano,2026-08-07,,,,,,,,,,,,,,
54680,Norte De Santander,Santiago,Fiestas de Santiago Apóstol,2026-07-25,,,,,,,,,,,,,,
54720,Norte De Santander,Sardinata,Fiestas de San Martín de Porres,2026-11-03,,,,,,,,,,,,,,
54743,Norte De Santander,Silos,Fiestas de San Isidro Labrador,2026-05-15,,,,,,,,,,,,,,
54800,Norte De Santander,Teorama,Fiestas de San Antonio,2026-06-13,,,,,,,,,,,,,,
54810,Norte De Santander,Tibú,Fiestas del Petróleo,2026-08-10,,,,,,,,,,,,,,
54820,Norte De Santander,Toledo,Fiestas de San Antonio,2026-06-13,,,,,,,,,,,,,,
54871,Norte De Santander,Villa Caro,Fiestas de San Pedro,2026-06-29,,,,,,,,,,,,,,
54874,Norte De Santander,Villa del Rosario,Fiestas de la Virgen del Rosario,2026-10-07,,,,,,,,,,,,,,
68013,Santander,Aguada,Fiestas de San Antonio,2026-06-13,,,,,,,,,,,,,,
68020,Santander,Albania,Fiestas de San Isidro Labrador,2026-05-15,,,,,,,,,,,,,,
68051,Santander,Aratoca,Fiestas de San Isidro Labrador,2026-05-15,,,,,,,,,,,,,,
68077,Santander,Barbosa,Fiestas de la Virgen del Carmen,2026-07-16,,,,,,,,,,,,,,
68079,Santander,Barichara,Fiestas de la Virgen del Carmen,2026-07-16,,,,,,,,,,,,,,
68081,Santander,Barrancabermeja,Fiestas del Petróleo,2026-08-10,,,,,,,,,,,,,,
68092,Santander,Betulia,Fiestas de San Isidro Labrador,2026-05-15,,,,,,,,,,,,,,
68101,Santander,Bolívar,Fiestas de San Antonio,2026-06-13,,,,,,,,,,,,,,
68121,Santander,Cabrera,Fiestas de San Pedro,2026-06-29,,,,,,,,,,,,,,
68132,Santander,California,Fiestas de la Virgen del Carmen,2026-07-16,,,,,,,,,,,,,,
68147,Santander,Capitanejo,Fiestas de San Antonio,2026-06-13,,,,,,,,,,,,,,
68152,Santander,Carcasí,Fiestas de San Isidro Labrador,2026-05-15,,,,,,,,,,,,,,
68160,Santander,Cepitá,Fiestas de San Pedro,2026-06-29,,,,,,,,,,,,,,
68162,Santander,Cerrito,Fiestas de San Isidro Labrador,2026-05-15,,,,,,,,,,,,,,
68167,Santander,Charalá,Fiestas de San Antonio,2026-06-13,,,,,,,,,,,,,,
68169,Santander,Charta,Fiestas de la Virgen del Carmen,2026-07-16,,,,,,,,,,,,,,
68176,Santander,Chima,Fiestas de San Isidro Labrador,2026-05-15,,,,,,,,,,,,,,
68179,Santander,Chipatá,Fiestas de San Antonio,2026-06-13,,,,,,,,,,,,,,
68190,Santander,Cimitarra,Fiestas del Retorno,2026-12-26,,,,,,,,,,,,,,
68207,Santander,Concepción,Fiestas de San Antonio,2026-06-13,,,,,,,,,,,,,,
68209,Santander,Confines,Fiestas de San Antonio,2026-06-13,,,,,,,,,,,,,,
68211,Santander,Contratación,Fiestas de San Antonio,2026-06-13,,,,,,,,,,,,,,
68217,Santander,Coromoro,Fiestas de San Isidro Labrador,2026-05-15,,,,,,,,,,,,,,
68229,Santander,Curití,Fiestas de la Virgen del Carmen,2026-07-16,,,,,,,,,,,,,,
68235,Santander,El Carmen de Chucurí,Fiestas del Retorno,2026-12-26,,,,,,,,,,,,,,
68245,Santander,El Guacamayo,Fiestas de San Isidro Labrador,2026-05-15,,,,,,,,,,,,,,
68250,Santander,El Peñón,Fiestas de San Isidro Labrador,2026-05-15,,,,,,,,,,,,,,
68255,Santander,El Playón,Fiestas de San Antonio,2026-06-13,,,,,,,,,,,,,,
68264,Santander,Encino,Fiestas de San Isidro Labrador,2026-05-15,,,,,,,,,,,,,,
68266,Santander,Enciso,Fiestas de San Antonio,2026-06-13,,,,,,,,,,,,,,
68271,Santander,Florián,Fiestas de San Antonio,2026-06-13,,,,,,,,,,,,,,
68276,Santander,Floridablanca,Fiestas de San Juan,2026-06-24,,,,,,,,,,,,,,
68298,Santander,Gambita,Fiestas de San Isidro Labrador,2026-05-15,,,,,,,,,,,,,,
68307,Santander,Girón,Fiestas de San Juan Bautista,2026-06-24,,,,,,,,,,,,,,
68318,Santander,Guaca,Fiestas de San Antonio,2026-06-13,,,,,,,,,,,,,,
68322,Santander,Guapotá,Fiestas de San Antonio,2026-06-13,,,,,,,,,,,,,,
68324,Santander,Guavatá,Fiestas de San Isidro Labrador,2026-05-15,,,,,,,,,,,,,,
68327,Santander,Güepsa,Fiestas de San Isidro Labrador,2026-05-15,,,,,,,,,,,,,,
68344,Santander,Hato,Fiestas de San Antonio,2026-06-13,,,,,,,,,,,,,,
68370,Santander,Jordán,Fiestas de San Isidro Labrador,2026-05-15,,,,,,,,,,,,,,
68377,Santander,La Belleza,Fiestas de San Isidro Labrador,2026-05-15,,,,,,,,,,,,,,
68385,Santander,Landázuri,Fiestas del Retorno,2026-12-26,,,,,,,,,,,,,,
68397,Santander,La Paz,Fiestas de San Pedro,2026-06-29,,,,,,,,,,,,,,
68406,Santander,Lebríja,Fiestas de la Virgen del Carmen,2026-07-16,,,,,,,,,,,,,,
68418,Santander,Los Santos,Fiestas de San Isidro Labrador,2026-05-15,,,,,,,,,,,,,,
68432,Santander,Málaga,Fiestas de San Jerónimo,2026-09-30,,,,,,,,,,,,,,
68444,Santander,Matanza,Fiestas de San Antonio,2026-06-13,,,,,,,,,,,,,,
68464,Santander,Mogotes,Fiestas de San Pedro,2026-06-29,,,,,,,,,,,,,,
68468,Santander,Molagavita,Fiestas de San Antonio,2026-06-13,,,,,,,,,,,,,,
25001,Cundinamarca,Agua de Dios,Fiestas de la Virgen del Carmen,2026-07-16,,,,,,,,,,,,,,
25019,Cundinamarca,Albán,Fiestas de San Pedro,2026-06-29,,,,,,,,,,,,,,
25035,Cundinamarca,Anapoima,Fiestas del Sol,2026-01-10,,,,,,,,,,,,,,
25040,Cundinamarca,Anolaima,Fiestas del Corpus Christi,2026-06-11,,,,,,,,,,,,,,
25053,Cundinamarca,Arbeláez,Fiestas de San Antonio,2026-06-13,,,,,,,,,,,,,,
25086,Cundinamarca,Beltrán,Fiestas de San Isidro Labrador,2026-05-15,,,,,,,,,,,,,,
25095,Cundinamarca,Bituima,Fiestas de la Virgen del Carmen,2026-07-16,,,,,,,,,,,,,,
25099,Cundinamarca,Bojacá,Fiestas de Nuestra Señora de la Salud,2026-09-08,,,,,,,,,,,,,,
25120,Cundinamarca,Cabrera,Fiestas de San Pedro,2026-06-29,,,,,,,,,,,,,,
25123,Cundinamarca,Cachipay,Fiestas de San Antonio,2026-06-13,,,,,,,,,,,,,,
25126,Cundinamarca,Cajicá,Fiestas de la Virgen del Carmen,2026-07-16,,,,,,,,,,,,,,
25148,Cundinamarca,Caparrapí,Fiestas de San Isidro Labrador,2026-05-15,,,,,,,,,,,,,,
25151,Cundinamarca,Caqueza,Fiestas de San Pedro,2026-06-29,,,,,,,,,,,,,,
25154,Cundinamarca,Carmen de Carupa,Fiestas de San Antonio,2026-06-13,,,,,,,,,,,,,,
25168,Cundinamarca,Chaguaní,Fiestas de San Isidro Labrador,2026-05-15,,,,,,,,,,,,,,
25175,Cundinamarca,Chía,Fiestas de la Virgen del Carmen,2026-07-16,,,,,,,,,,,,,,
25178,Cundinamarca,Chipaque,Fiestas de San Pedro,2026-06-29,,,,,,,,,,,,,,
25181,Cundinamarca,Choachí,Fiestas de la Virgen del Carmen,2026-07-16,,,,,,,,,,,,,,
25183,Cundinamarca,Chocontá,Fiestas de San Isidro Labrador,2026-05-15,,,,,,,,,,,,,,
25200,Cundinamarca,Cogua,Fiestas de San Antonio,2026-06-13,,,,,,,,,,,,,,
25214,Cundinamarca,Cota,Fiestas de San Pedro,2026-06-29,,,,,,,,,,,,,,
25224,Cundinamarca,Cucunubá,Fiestas de la Virgen del Carmen,2026-07-16,,,,,,,,,,,,,,
25245,Cundinamarca,El Colegio,Fiestas del Retorno,2026-12-26,,,,,,,,,,,,,,
25258,Cundinamarca,El Peñón,Fiestas de San Antonio,2026-06-13,,,,,,,,,,,,,,
25260,Cundinamarca,El Rosal,Fiestas de San Isidro Labrador,2026-05-15,,,,,,,,,,,,,,
25269,Cundinamarca,Facatativá,Fiestas de San Pedro,2026-06-29,,,,,,,,,,,,,,
25279,Cundinamarca,Fomeque,Fiestas de San Antonio,2026-06-13,,,,,,,,,,,,,,
25281,Cundinamarca,Fosca,Fiestas de San Isidro Labrador,2026-05-15,,,,,,,,,,,,,,
25286,Cundinamarca,Funza,Fiestas de San Pedro,2026-06-29,,,,,,,,,,,,,,
25288,Cundinamarca,Fúquene,Fiestas de la Virgen del Carmen,2026-07-16,,,,,,,,,,,,,,
25290,Cundinamarca,Fusagasugá,Fiestas de San Pedro,2026-06-29,,,,,,,,,,,,,,
25293,Cundinamarca,Gachala,Fiestas de San Isidro Labrador,2026-05-15,,,,,,,,,,,,,,
25295,Cundinamarca,Gachancipá,Fiestas de San Pedro,2026-06-29,,,,,,,,,,,,,,
25297,Cundinamarca,Gachetá,Fiestas de San Antonio,2026-06-13,,,,,,,,,,,,,,
25299,Cundinamarca,Gama,Fiestas de San Isidro Labrador,2026-05-15,,,,,,,,,,,,,,
25307,Cundinamarca,Girardot,Fiestas del Turismo,2026-08-15,,,,,,,,,,,,,,
25312,Cundinamarca,Granada,Fiestas de San Antonio,2026-06-13,,,,,,,,,,,,,,
25317,Cundinamarca,Guachetá,Fiestas de San Isidro Labrador,2026-05-15,,,,,,,,,,,,,,
25320,Cundinamarca,Guaduas,Fiestas de San Pedro,2026-06-29,,,,,,,,,,,,,,
25322,Cundinamarca,Guasca,Fiestas de San Antonio,2026-06-13,,,,,,,,,,,,,,
25324,Cundinamarca,Guataquí,Fiestas del Río Magdalena,2026-08-10,,,,,,,,,,,,,,
76020,Valle Del Cauca,Alcalá,Fiestas de San Pedro,2026-06-29,,,,,,,,,,,,,,
76036,Valle Del Cauca,Andalucía,Fiestas de la Virgen del Carmen,2026-07-16,,,,,,,,,,,,,,
76041,Valle Del Cauca,Ansermanuevo,Fiestas de San Isidro Labrador,2026-05-15,,,,,,,,,,,,,,
76054,Valle Del Cauca,Argelia,Fiestas de San Antonio,2026-06-13,,,,,,,,,,,,,,
76100,Valle Del Cauca,Bolívar,Fiestas de San Pedro,2026-06-29,,,,,,,,,,,,,,
76109,Valle Del Cauca,Buenaventura,Fiestas de San Buenaventura,2026-07-14,,,,,,,,,,,,,,
76113,Valle Del Cauca,Bugalagrande,Fiestas de la Virgen del Carmen,2026-07-16,,,,,,,,,,,,,,
76122,Valle Del Cauca,Caicedonia,Fiestas de San Isidro Labrador,2026-05-15,,,,,,,,,,,,,,
76126,Valle Del Cauca,Calima,Fiestas del Lago Calima,2026-08-10,,,,,,,,,,,,,,
76126,Valle del Cauca,Calima (Darién),Fiestas del Turismo,2026-08-15,,,,,,,,,,,,,,
76130,Valle Del Cauca,Candelaria,Fiestas de la Virgen de la Candelaria,2026-02-02,,,,,,,,,,,,,,
76147,Valle Del Cauca,Cartago,Fiestas de San Jorge,2026-04-23,,,,,,,,,,,,,,
76233,Valle Del Cauca,Dagua,Fiestas del Retorno,2026-12-26,,,,,,,,,,,,,,
76243,Valle Del Cauca,El Águila,Fiestas de San Antonio,2026-06-13,,,,,,,,,,,,,,
76246,Valle Del Cauca,El Cairo,Fiestas de San Isidro Labrador,2026-05-15,,,,,,,,,,,,,,
76248,Valle Del Cauca,El Cerrito,Fiestas de la Virgen del Carmen,2026-07-16,,,,,,,,,,,,,,
76250,Valle Del Cauca,El Dovio,Fiestas de San Isidro Labrador,2026-05-15,,,,,,,,,,,,,,
76275,Valle Del Cauca,Florida,Fiestas de San Pedro,2026-06-29,,,,,,,,,,,,,,
76306,Valle Del Cauca,Ginebra,Festival Mono Núñez,2026-05-28,,,,,,,,,,,,,,
76318,Valle Del Cauca,Guacarí,Fiestas de San Juan Bautista,2026-06-24,,,,,,,,,,,,,,
76364,Valle Del Cauca,Jamundí,Fiestas del Retorno,2026-12-26,,,,,,,,,,,,,,
76377,Valle Del Cauca,La Cumbre,Fiestas del Retorno,2026-12-26,,,,,,,,,,,,,,
76400,Valle Del Cauca,La Unión,Fiestas de la Uva,2026-06-20,,,,,,,,,,,,,,
76403,Valle Del Cauca,La Victoria,Fiestas de San Isidro Labrador,2026-05-15,,,,,,,,,,,,,,
76497,Valle Del Cauca,Obando,Fiestas de San Antonio,2026-06-13,,,,,,,,,,,,,,
76520,Valle Del Cauca,Palmira,Fiestas de la Agricultura,2026-08-15,,,,,,,,,,,,,,
76563,Valle Del Cauca,Pradera,Fiestas de San Pedro,2026-06-29,,,,,,,,,,,,,,
76606,Valle Del Cauca,Restrepo,Fiestas del Turismo,2026-08-10,,,,,,,,,,,,,,
76616,Valle Del Cauca,Riofrío,Fiestas de San Isidro Labrador,2026-05-15,,,,,,,,,,,,,,
76622,Valle Del Cauca,Roldanillo,Festival de Cometas,2026-08-15,,,,,,,,,,,,,,
76670,Valle Del Cauca,San Pedro,Fiestas de San Pedro,2026-06-29,,,,,,,,,,,,,,
76736,Valle Del Cauca,Sevilla,Fiestas de la Virgen del Carmen,2026-07-16,,,,,,,,,,,,,,
76823,Valle Del Cauca,Toro,Fiestas de San Antonio,2026-06-13,,,,,,,,,,,,,,
76828,Valle Del Cauca,Trujillo,Fiestas de San Isidro Labrador,2026-05-15,,,,,,,,,,,,,,
76834,Valle Del Cauca,Tuluá,Feria de Tuluá,2026-06-20,,,,,,,,,,,,,,
76845,Valle Del Cauca,Ulloa,Fiestas de San Antonio,2026-06-13,,,,,,,,,,,,,,
76863,Valle Del Cauca,Versalles,Fiestas de la Virgen del Carmen,2026-07-16,,,,,,,,,,,,,,
76869,Valle Del Cauca,Vijes,Fiestas de San Pedro,2026-06-29,,,,,,,,,,,,,,
76890,Valle Del Cauca,Yotoco,Fiestas del Retorno,2026-12-26,,,,,,,,,,,,,,
76892,Valle Del Cauca,Yumbo,Fiestas de San Antonio,2026-06-13,,,,,,,,,,,,,,
76895,Valle Del Cauca,Zarzal,Fiestas de la Caña,2026-08-10,,,,,,,,,,,,,,
47001,Magdalena,Santa Marta,Fiestas del Mar,2026-07-25,,,,,,,,,,,,,,
47030,Magdalena,Algarrobo,Fiestas de San Pedro,2026-06-29,,,,,,,,,,,,,,
47053,Magdalena,Aracataca,Fiestas de San José,2026-03-19,,,,,,,,,,,,,,
47058,Magdalena,Ariguaní,Fiestas de la Virgen del Carmen,2026-07-16,,,,,,,,,,,,,,
47161,Magdalena,Cerro de San Antonio,Fiestas de San Antonio,2026-06-13,,,,,,,,,,,,,,
47170,Magdalena,Chibolo,Fiestas de San Pedro,2026-06-29,,,,,,,,,,,,,,
47189,Magdalena,Ciénaga,Fiestas del Caimán,2026-01-20,,,,,,,,,,,,,,
47205,Magdalena,Concordia,Fiestas de San Isidro Labrador,2026-05-15,,,,,,,,,,,,,,
47245,Magdalena,El Banco,Fiestas de la Virgen de la Candelaria,2026-02-02,,,,,,,,,,,,,,
47258,Magdalena,El Piñon,Fiestas de San Antonio,2026-06-13,,,,,,,,,,,,,,
47268,Magdalena,El Retén,Fiestas de San Juan Bautista,2026-06-24,,,,,,,,,,,,,,
47288,Magdalena,Fundación,Fiestas de San Rafael,2026-10-24,,,,,,,,,,,,,,
47318,Magdalena,Guamal,Fiestas de San Pedro,2026-06-29,,,,,,,,,,,,,,
47460,Magdalena,Nueva Granada,Fiestas de San Antonio,2026-06-13,,,,,,,,,,,,,,
47551,Magdalena,Pivijay,Fiestas de San Antonio,2026-06-13,,,,,,,,,,,,,,
47555,Magdalena,Plato,Fiestas de la Virgen de la Candelaria,2026-02-02,,,,,,,,,,,,,,
47551,Magdalena,Pueblo Viejo,Fiestas del Mar,2026-07-20,,,,,,,,,,,,,,
47605,Magdalena,Remolino,Fiestas de San Antonio,2026-06-13,,,,,,,,,,,,,,
47660,Magdalena,Sabanas de San Angel,Fiestas de San Isidro Labrador,2026-05-15,,,,,,,,,,,,,,
47675,Magdalena,Salamina,Fiestas de San Pedro,2026-06-29,,,,,,,,,,,,,,
47707,Magdalena,Santa Ana,Fiestas de Santa Ana,2026-07-26,,,,,,,,,,,,,,
47745,Magdalena,Sitionuevo,Fiestas del Río Magdalena,2026-08-10,,,,,,,,,,,,,,
47798,Magdalena,Tenerife,Fiestas de San Sebastián,2026-01-20,,,,,,,,,,,,,,
47960,Magdalena,Zapayán,Fiestas de San Antonio,2026-06-13,,,,,,,,,,,,,,
44001,La Guajira,Riohacha,Fiestas de la Virgen de los Remedios,2026-09-08,,,,,,,,,,,,,,
44035,La Guajira,Albania,Fiestas de la Virgen del Carmen,2026-07-16,,,,,,,,,,,,,,
44078,La Guajira,Barrancas,Fiestas de San José,2026-03-19,,,,,,,,,,,,,,
44090,La Guajira,Dibulla,Fiestas de San Antonio,2026-06-13,,,,,,,,,,,,,,
44098,La Guajira,Distracción,Fiestas de San Isidro Labrador,2026-05-15,,,,,,,,,,,,,,
44110,La Guajira,El Molino,Fiestas de San Lucas,2026-10-18,,,,,,,,,,,,,,
44279,La Guajira,Fonseca,Fiestas de San Agustín,2026-08-28,,,,,,,,,,,,,,
44378,La Guajira,Hatonuevo,Fiestas de San Antonio,2026-06-13,,,,,,,,,,,,,,
44420,La Guajira,La Jagua del Pilar,Fiestas de la Virgen del Carmen,2026-07-16,,,,,,,,,,,,,,
44430,La Guajira,Maicao,Fiestas de San José,2026-03-19,,,,,,,,,,,,,,
44650,La Guajira,San Juan del Cesar,Fiestas de San Juan Bautista,2026-06-24,,,,,,,,,,,,,,
44855,La Guajira,Urumita,Fiestas de la Virgen del Carmen,2026-07-16,,,,,,,,,,,,,,
44847,La Guajira,Uribia,Fiestas de la Virgen del Carmen,2026-07-16,,,,,,,,,,,,,,
50001,Meta,Villavicencio,Torneo Internacional del Joropo,2026-06-25,,,,,,,,,,,,,,
50006,Meta,Acacías,Fiestas del Retorno,2026-01-03,,,,,,,,,,,,,,
50110,Meta,Barranca de Upía,Fiestas de San Isidro Labrador,2026-05-15,,,,,,,,,,,,,,
50124,Meta,Cabuyaro,Fiestas de San Pedro,2026-06-29,,,,,,,,,,,,,,
50150,Meta,Castilla la Nueva,Fiestas del Petróleo,2026-08-10,,,,,,,,,,,,,,
50223,Meta,Cubarral,Fiestas de San Antonio,2026-06-13,,,,,,,,,,,,,,
50226,Meta,Cumaral,Fiestas del Retorno,2026-12-26,,,,,,,,,,,,,,
50245,Meta,El Calvario,Fiestas de San Isidro Labrador,2026-05-15,,,,,,,,,,,,,,
50251,Meta,El Castillo,Fiestas de San Antonio,2026-06-13,,,,,,,,,,,,,,
50270,Meta,El Dorado,Fiestas de San Pedro,2026-06-29,,,,,,,,,,,,,,
50287,Meta,Fuentedeoro,Fiestas de San Isidro Labrador,2026-05-15,,,,,,,,,,,,,,
50313,Meta,Granada,Fiestas del Retorno,2026-12-26,,,,,,,,,,,,,,
50318,Meta,Guamal,Fiestas de San Antonio,2026-06-13,,,,,,,,,,,,,,
50325,Meta,Mapiripán,Fiestas de San Pedro,2026-06-29,,,,,,,,,,,,,,
50330,Meta,Mesetas,Fiestas del Retorno,2026-12-26,,,,,,,,,,,,,,
50350,Meta,La Macarena,Fiestas del Yarí,2026-08-10,,,,,,,,,,,,,,
50370,Meta,Uribe,Fiestas de San Isidro Labrador,2026-05-15,,,,,,,,,,,,,,
50400,Meta,Lejanías,Fiestas de San Antonio,2026-06-13,,,,,,,,,,,,,,
50450,Meta,Puerto Concordia,Fiestas del Retorno,2026-12-26,,,,,,,,,,,,,,
50568,Meta,Puerto Gaitán,Festival de Verano,2026-01-10,,,,,,,,,,,,,,
50573,Meta,Puerto López,Festival del Canoero,2026-08-15,,,,,,,,,,,,,,
50577,Meta,Puerto Lleras,Fiestas de San Pedro,2026-06-29,,,,,,,,,,,,,,
50590,Meta,Puerto Rico,Fiestas de San Isidro Labrador,2026-05-15,,,,,,,,,,,,,,
50606,Meta,Restrepo,Fiestas de San Antonio,2026-06-13,,,,,,,,,,,,,,
50680,Meta,San Carlos de Guaroa,Fiestas de San Pedro,2026-06-29,,,,,,,,,,,,,,
50683,Meta,San Juan de Arama,Fiestas de San Juan Bautista,2026-06-24,,,,,,,,,,,,,,
50686,Meta,San Juanito,Fiestas de San Isidro Labrador,2026-05-15,,,,,,,,,,,,,,
50689,Meta,San Martín,Festival Internacional Folclórico y Turístico del Llano,2026-11-10,,,,,,,,,,,,,,
50711,Meta,Vista Hermosa,Fiestas del Retorno,2026-12-26,,,,,,,,,,,,,,
85001,Casanare,Yopal,Fiestas de San Pedro,2026-06-29,,,,,,,,,,,,,,
85010,Casanare,Aguazul,Fiestas del Agua,2026-01-15,,,,,,,,,,,,,,
85015,Casanare,Chameza,Fiestas de San Juan Bautista,2026-06-24,,,,,,,,,,,,,,
85125,Casanare,Hato Corozal,Fiestas de San Isidro Labrador,2026-05-15,,,,,,,,,,,,,,
85136,Casanare,La Salina,Fiestas de San Antonio,2026-06-13,,,,,,,,,,,,,,
85139,Casanare,Maní,Fiestas de San Pedro,2026-06-29,,,,,,,,,,,,,,
85162,Casanare,Monterrey,Fiestas de la Virgen del Carmen,2026-07-16,,,,,,,,,,,,,,
85225,Casanare,Nunchía,Fiestas de San Isidro Labrador,2026-05-15,,,,,,,,,,,,,,
85230,Casanare,Orocué,Fiestas de San Antonio,2026-06-13,,,,,,,,,,,,,,
85250,Casanare,Paz de Ariporo,Fiestas de San Juan Bautista,2026-06-24,,,,,,,,,,,,,,
85263,Casanare,Pore,Fiestas de San Pedro,2026-06-29,,,,,,,,,,,,,,
85279,Casanare,Recetor,Fiestas de San Isidro Labrador,2026-05-15,,,,,,,,,,,,,,
85300,Casanare,Sabanalarga,Fiestas de San Antonio,2026-06-13,,,,,,,,,,,,,,
85315,Casanare,Sácama,Fiestas de San Isidro Labrador,2026-05-15,,,,,,,,,,,,,,
85325,Casanare,San Luis de Palenque,Fiestas de San Pedro,2026-06-29,,,,,,,,,,,,,,
85400,Casanare,Támara,Fiestas de San Antonio,2026-06-13,,,,,,,,,,,,,,
85410,Casanare,Tauramena,Fiestas de la Virgen del Carmen,2026-07-16,,,,,,,,,,,,,,
85430,Casanare,Trinidad,Fiestas de San Isidro Labrador,2026-05-15,,,,,,,,,,,,,,
85440,Casanare,Villanueva,Fiestas de San Pedro,2026-06-29,,,,,,,,,,,,,,
91001,Amazonas,Leticia,Fiesta de la Confraternidad Amazónica,2026-07-15,,,,,,,,,,,,,,
91263,Amazonas,El Encanto,Fiestas de San Antonio,2026-06-13,,,,,,,,,,,,,,
91405,Amazonas,La Chorrera,Fiestas de San Juan Bautista,2026-06-24,,,,,,,,,,,,,,
91407,Amazonas,La Pedrera,Fiestas de San Pedro,2026-06-29,,,,,,,,,,,,,,
91430,Amazonas,La Victoria,Fiestas de San Isidro Labrador,2026-05-15,,,,,,,,,,,,,,
91460,Amazonas,Mirití-Paraná,Fiestas de San Antonio,2026-06-13,,,,,,,,,,,,,,
91530,Amazonas,Puerto Alegría,Fiestas de San Isidro Labrador,2026-05-15,,,,,,,,,,,,,,
91536,Amazonas,Puerto Arica,Fiestas de San Pedro,2026-06-29,,,,,,,,,,,,,,
91540,Amazonas,Puerto Nariño,Fiestas de San Juan Bautista,2026-06-24,,,,,,,,,,,,,,
91669,Amazonas,Puerto Santander,Fiestas de San Antonio,2026-06-13,,,,,,,,,,,,,,
91798,Amazonas,Tarapacá,Fiestas de San Pedro,2026-06-29,,,,,,,,,,,,,,
95001,Guaviare,San José del Guaviare,Fiestas de la Amazonía,2026-08-10,,,,,,,,,,,,,,
95015,Guaviare,Calamar,Fiestas de San Isidro Labrador,2026-05-15,,,,,,,,,,,,,,
95025,Guaviare,El Retorno,Fiestas del Retorno,2026-12-26,,,,,,,,,,,,,,
95200,Guaviare,Miraflores,Fiestas de San Antonio,2026-06-13,,,,,,,,,,,,,,
97001,Vaupés,Mitú,Fiestas de San Pablo,2026-06-29,,,,,,,,,,,,,,
97161,Vaupés,Caruru,Fiestas de San Antonio,2026-06-13,,,,,,,,,,,,,,
97511,Vaupés,Pacoa,Fiestas de San Isidro Labrador,2026-05-15,,,,,,,,,,,,,,
97666,Vaupés,Taraira,Fiestas de San Pedro,2026-06-29,,,,,,,,,,,,,,
97889,Vaupés,Yavaraté,Fiestas de San Juan Bautista,2026-06-24,,,,,,,,,,,,,,
99001,Vichada,Puerto Carreño,Fiestas del Orinoco,2026-08-15,,,,,,,,,,,,,,
99773,Vichada,Cumaribo,Fiestas de San Isidro Labrador,2026-05-15,,,,,,,,,,,,,,
99524,Vichada,La Primavera,Fiestas de San Pedro,2026-06-29,,,,,,,,,,,,,,
99624,Vichada,Santa Rosalía,Fiestas de San Antonio,2026-06-13,,,,,,,,,,,,,,
99889,Vichada,La Guadalupe,Fiestas de la Virgen del Carmen,2026-07-16,,,,,,,,,,,,,,