codigo_dane,departamento,municipio,subregion,habitantes,temperatura_promedio,altura,gentilicio,bandera_jpg,alcalde,correo_alcalde,festival,fecha_inicio,fecha_fin,sitio_1,maps_1,sitio_2,maps_2,sitio_3,maps_3,hotel_1,wa_1,hotel_2,wa_2,hotel_3,wa_3
05001,Antioquia,Medellín,VALLE DEL ABURRA,2653729,19.3,1475.0,,05001.jpg,FEDERICO ANDRÉS GUTIÉRREZ ZULUAGA,atencion.ciudadana@medellin.gov.co,Feria de las Flores,2026-08-01,,,,,,,,,,,,,
05001,Antioquia,Medellín,VALLE DEL ABURRA,2653729,19.3,1475.0,,05001.jpg,FEDERICO ANDRÉS GUTIÉRREZ ZULUAGA,atencion.ciudadana@medellin.gov.co,Desfile de Silleteros,2026-08-09,,,,,,,,,,,,,
05001,Antioquia,Medellín,VALLE DEL ABURRA,2653729,19.3,1475.0,,05001.jpg,FEDERICO ANDRÉS GUTIÉRREZ ZULUAGA,atencion.ciudadana@medellin.gov.co,Festival Internacional de Tango,2026-06-20,,,,,,,,,,,,,
05001,Antioquia,Medellín,VALLE DEL ABURRA,2653729,19.3,1475.0,,05001.jpg,FEDERICO ANDRÉS GUTIÉRREZ ZULUAGA,atencion.ciudadana@medellin.gov.co,Colombiamoda,2026-07-28,,,,,,,,,,,,,
05002,Antioquia,Abejorral,ORIENTE,21246,14.7,2167.0,,05002.jpg,MANUEL ALBERTO GUZMÁN MARÍN,alcaldia@abejorral-antioquia.gov.co,Fiestas de la Virgen de la Candelaria,2026-02-02,,,,,,,,,,,,,
05004,Antioquia,Abriaquí,OCCIDENTE,2864,15.5,2002.0,,05004.jpg,DANIEL ALBERTO SALAS GALLEGO,alcaldia@abriaqui-antioquia.gov.co,Fiestas de San Pedro,2026-06-29,,,,,,,,,,,,,
05021,Antioquia,Alejandría,ORIENTE,4920,18.2,1447.0,,05021.jpg,GLORIA CECILIA NARANJO OSORIO,alcaldia@alejandria-antioquia.gov.co,Fiestas de la Virgen del Carmen,2026-07-16,,,,,,,,,,,,,
05030,Antioquia,Amagá,SUROESTE,32762,19.1,1434.0,,05030.jpg,WILSER DARÍO MOLINA MOLINA,alcaldia@amaga-antioquia.gov.co,Fiestas de la Virgen del Carmen,2026-07-16,,,,,,,,,,,,,
05031,Antioquia,Amalfi,NORDESTE,28357,20.0,1082.0,,05031.jpg,WILMAR ALONSO VÉLEZ LONDOÑO,alcaldia@amalfi-antioquia.gov.co,Fiestas del Tigre,2026-08-15,,,,,,,,,,,,,
05034,Antioquia,Andes,SUROESTE,46289,18.1,1529.0,,05034.jpg,GERMAN ALEXANDER VÉLEZ OROZCO,alcalde@andes-antioquia.gov.co,Fiestas Katías,2026-08-10,,,,,,,,,,,,,
05036,Antioquia,Angelópolis,SUROESTE,6117,17.6,1591.0,,05036.jpg,JOSÉ LUIS MONTOYA QUICENO,alcaldia@angelopolis-antioquia.gov.co,Fiestas de San José,2026-03-19,,,,,,,,,,,,,
05038,Antioquia,Angostura,NORTE,12081,16.2,1842.0,,05038.jpg,VÍCTOR IGNACIO MEDINA GÓMEZ,alcaldia@angostura-antioquia.gov.co,Fiestas de San José,2026-03-19,,,,,,,,,,,,,
05040,Antioquia,Anorí,NORDESTE,20011,17.1,1584.0,,05040.jpg,GUSTAVO ALFREDO SILVA GUTIÉRREZ,alcaldia@anori-antioquia.gov.co,Fiestas de San Isidro Labrador,2026-05-15,,,,,,,,,,,,,
05042,Antioquia,Santa Fe de Antioquia,OCCIDENTE,28421,27,"570,00",,05042.jpg,,,Fiestas de los Diablitos,2026-12-22,,,,,,,,,,,,,
05044,Antioquia,Anza,OCCIDENTE,7508,16.9,1726.0,,05044.jpg,JUAN GUILLERMO HINCAPIÉ FIGUEROA,alcaldia@anza-antioquia.gov.co,Fiestas de la Virgen del Carmen,2026-07-16,,,,,,,,,,,,,
05045,Antioquia,Apartadó,URABA,133811,23.8,239.0,,05045.jpg,HÉCTOR RANGEL PALACIOS RODRÍGUEZ,general@apartado.gov.co,Fiestas del Banano,2026-11-10,,,,,,,,,,,,,
05051,Antioquia,Arboletes,URABA,31953,25.2,65.0,,05051.jpg,ÁLVARO GONZÁLEZ ÁVILA,alcaldia@arboletes-antioquia.gov.co,Fiestas del Mar y del Volcán,2026-07-05,,,,,,,,,,,,,
05055,Antioquia,Argelia,ORIENTE,5280,19.3,1295.0,,05055.jpg,DIEGO ALEXANDER LÓPEZ GIRALDO,alcaldia@argelia-antioquia.gov.co,Fiestas de la Virgen del Carmen,2026-07-16,,,,,,,,,,,,,
05059,Antioquia,Armenia,OCCIDENTE,5314,17.6,1390.0,,05059.jpg,MARTHA LIBIA PARRA GIL,alcaldia@armenia-antioquia.gov.co,Fiestas de la Virgen del Carmen,2026-07-16,,,,,,,,,,,,,
05079,Antioquia,Barbosa,VALLE DEL ABURRA,33510,19.7,1297.0,,05079.jpg,JUAN DAVID ROJAS AGUDELO,alcaldia@barbosa.gov.co,Fiestas del Río Medellín,2026-08-20,,,,,,,,,,,,,
05086,Antioquia,Belmira,NORTE,6405,8.8,3251.0,,05086.jpg,DARCY ESTEBAN ARBOLEDA RUA,alcaldia@belmira-antioquia.gov.co,Fiestas del Agua,2026-01-10,,,,,,,,,,,,,
05088,Antioquia,Bello,VALLE DEL ABURRA,578376,19.3,1456.0,,05088.jpg,YULIETH LORENA GONZÁLEZ OSPINA,contactenos@bello.gov.co,Fiestas del Cerro Quitasol,2026-08-15,,,,,,,,,,,,,
05091,Antioquia,Betania,SUROESTE,10770,18.7,1537.0,,05091.jpg,DIEGO ARLEY DE JESÚS GUERRA GUTIÉRREZ,alcaldia@betania-antioquia.gov.co,Fiestas de la Virgen del Carmen,2026-07-16,,,,,,,,,,,,,
05093,Antioquia,Betulia,SUROESTE,6219,18.2,1631.0,,05093.jpg,NÉSTOR CAMILO SERNA HERNÁNDEZ,gobierno@betulia-antioquia.gov.co,Fiestas del Retorno,2026-12-26,,,,,,,,,,,,,
05101,Antioquia,Ciudad Bolívar,SUROESTE,27557,20.2,1247.0,,05101.jpg,LEÓN DARÍO ACEVEDO VARGAS,alcaldia@ciudadbolivar-antioquia.gov.co,,,,,,,,,,,,,,,
05107,Antioquia,Briceño,NORTE,2206,18.9,1363.0,,05107.jpg,NOE DE JESÚS ESPINOSA VÁSQUEZ,alcaldia@briceno-antioquia.gov.co,Fiestas de San José,2026-03-19,,,,,,,,,,,,,
05113,Antioquia,Buriticá,OCCIDENTE,10089,16.8,1685.0,,05113.jpg,JOSÉ LUIS RODRÍGUEZ ÚSUGA,alcaldia@buritica-antioquia.gov.co,Fiestas de San Antonio,2026-06-13,,,,,,,,,,,,,
05120,Antioquia,Cáceres,BAJO CAUCA,31798,25.1,83.0,,05120.jpg,DAMIANA MARÍA MONTERROSA PÉREZ,gobierno@caceres-antioquia.gov.co,Fiestas del Río Cauca,2026-08-12,,,,,,,,,,,,,
05125,Antioquia,Caicedo,SUROESTE,8940,14.8,2173.0,,05125.jpg,YUBER FELIPE MOLINA MURILLO,alcaldia@caicedo-antioquia.gov.co,Fiestas de San Isidro Labrador,2026-05-15,,,,,,,,,,,,,
05129,Antioquia,Caldas,VALLE DEL ABURRA,3188,17.0,1756.0,,05129.jpg,JORGE MARIO RENDON VÉLEZ,contactenos@caldasantioquia.gov.co,Fiestas de la Virgen del Carmen,2026-07-16,,,,,,,,,,,,,
05134,Antioquia,Campamento,NORTE,9680,18.0,1385.0,,05134.jpg,CRISTIAN ANDRÉS AGUDELO POSADA,alcaldia@campamento-antioquia.gov.co,Fiestas de San José,2026-03-19,,,,,,,,,,,,,
05138,Antioquia,Cañasgordas,OCCIDENTE,16287,19.7,1291.0,,05138.jpg,DIEGO ALONSO VANEGAS ARANGO,alcaldia@canasgordas-antioquia.gov.co,Fiestas de la Virgen del Carmen,2026-07-16,,,,,,,,,,,,,
05142,Antioquia,Carolina del Príncipe,MAGDALENA MEDIO,,,,,05142.jpg,,,Fiestas del Agua y la Vida,2026-06-10,,,,,,,,,,,,,
05145,Antioquia,Caramanta,SUROESTE,4868,14.0,2378.0,,05145.jpg,JUAN ESTEBAN CORREA CÁRDENAS,alcaldia@caramanta-antioquia.gov.co,,,,,,,,,,,,,,,
05147,Antioquia,Carepa,URABA,53572,25.1,32.0,,05147.jpg,AGAPITO MURILLO PALACIOS,alcaldia@carepa-antioquia.gov.co,Fiestas del Plátano,2026-10-10,,,,,,,,,,,,,
05148,Antioquia,El Carmen de Viboral,ORIENTE,65553,13.4,2375.0,,05148.jpg,HUGO ALFONSO JIMÉNEZ CUERVO,alcaldia@elcarmendeviboral-antioquia.gov.co,Fiestas de la Loza,2026-08-15,,,,,,,,,,,,,
05150,Antioquia,Carolina,NORTE,4160,15.5,2071.0,,05150.jpg,ANA ISABEL AVENDAÑO DUQUE,contactenos@carolinadelprincipe-antioquia.gov.co,,,,,,,,,,,,,,,
05154,Antioquia,Caucasia,BAJO CAUCA,99959,25.4,60.0,,05154.jpg,JHOAN ODERIS MONTES CORTES,alcaldia@caucasia-antioquia.gov.co,Fiestas del Río Cauca,2026-08-15,,,,,,,,,,,,,
05172,Antioquia,Chigorodó,URABA,62678,25.2,35.0,,05172.jpg,TULIA IRENE RUIZ GARCÍA,alcaldia@chigorodo-antioquia.gov.co,Fiestas del Banano,2026-11-05,,,,,,,,,,,,,
05172,Antioquia,Donmatías,URABA,20645,,,,05172.jpg,,,Fiestas de la Confección,2026-08-10,,,,,,,,,,,,,
05190,Antioquia,Cisneros,NORDESTE,10406,19.5,1248.0,,05190.jpg,LINA MARÍA CORREA VALENCIA,alcaldia@cisneros-antioquia.gov.co,Fiestas del Transporte,2026-08-20,,,,,,,,,,,,,
05197,Antioquia,Cocorná,ORIENTE,15534,18.9,1304.0,,05197.jpg,DAVID ALEJANDRO GÓMEZ HOYOS,alcaldia@cocorna-antioquia.gov.co,Fiestas del Retorno,2026-12-26,,,,,,,,,,,,,
05206,Antioquia,Concepción,ORIENTE,4983,9.3,3172.0,,05206.jpg,ADRIÁN HENAO CARVAJAL,alcaldia@concepcion-antioquia.gov.co,Fiestas de la Virgen del Carmen,2026-07-16,,,,,,,,,,,,,
05209,Antioquia,Concordia,SUROESTE,11618,16.0,2000.0,,05209.jpg,ALEXANDRA MARÍA HERRERA QUIJANO,alcaldia@concordia-antioquia.gov.co,,,,,,,,,,,,,,,
05212,Antioquia,Copacabana,VALLE DEL ABURRA,85706,19.2,1449.0,,05212.jpg,JOHNNATAN ANDRÉS PINEDA AGUDELO,alcaldia@copacabana.gov.co,,,,,,,,,,,,,,,
05234,Antioquia,Dabeiba,OCCIDENTE,24621,23.6,488.0,,05234.jpg,DANIEL HIGUITA HERRERA,alcaldia@dabeiba-antioquia.gov.co,Fiestas del Grano y el Retorno,2026-10-31,,,,,,,,,,,,,
05237,Antioquia,Don Matías,NORTE,20645,13.9,2281.0,,05237.jpg,JAVIER DARÍO LÓPEZ RESTREPO,alcaldia@donmatias-antioquia.gov.co,,,,,,,,,,,,,,,
05240,Antioquia,Ebéjico,OCCIDENTE,12708,20.7,1159.0,,05240.jpg,DAVID ALONSO RESTREPO CASTRILLÓN,alcaldia@ebejico-antioquia.gov.co,,,,,,,,,,,,,,,
05250,Antioquia,El Bagre,BAJO CAUCA,56392,25.5,51.0,,05250.jpg,MARCO FIDEL TRESPALACIO BULLOSO,alcaldia@elbagre-antioquia.gov.co,Fiestas del Oro,2026-09-01,,,,,,,,,,,,,
05264,Antioquia,Entrerrios,NORTE,12285,14.2,2312.0,,05264.jpg,JULIO CESAR LOPERA POSADA,alcaldia@entrerrios-antioquia.gov.co,Fiestas de la Leche,2026-01-15,,,,,,,,,,,,,
05266,Antioquia,Envigado,VALLE DEL ABURRA,253699,13.2,2444.0,,05266.jpg,RAÚL EDUARDO CARDONA GONZÁLEZ,alcaldia@envigado.gov.co,Fiestas del Carriel,2026-07-10,,,,,,,,,,,,,
05282,Antioquia,Fredonia,SUROESTE,25924,18.7,1476.0,,05282.jpg,ALDUBAR DE JESÚS VANEGAS MARÍN,alcaldia@fredonia-antioquia.gov.co,,,,,,,,,,,,,,,
05284,Antioquia,Frontino,OCCIDENTE,21679,18.8,1389.0,,05284.jpg,LUZ GABRIELA RIVERA CANO,alcaldia@frontino-antioquia.gov.co,,,,,,,,,,,,,,,
05306,Antioquia,Giraldo,OCCIDENTE,6022,13.3,2435.0,,05306.jpg,MARÍA CAMILA MANCO SUAREZ,contactenos@giraldo-antioquia.gov.co,,,,,,,,,,,,,,,
05308,Antioquia,Girardota,VALLE DEL ABURRA,57024,19.2,1471.0,,05308.jpg,KEVIN RENE BERNAL MORALES,contactenos@girardota.gov.co,,,,,,,,,,,,,,,
05310,Antioquia,Gómez Plata,NORTE,10390,17.0,1877.0,,05310.jpg,LUIS GUILLERMO PÉREZ ECHEVERRI,contactenos@gomezplata-antioquia.gov.co,,,,,,,,,,,,,,,
05313,Antioquia,Granada,ORIENTE,8747,25.3,336.0,,05313.jpg,DANIEL ANDRÉS HOYOS YEPES,alcalde@granada-antioquia.gov.co,,,,,,,,,,,,,,,
05315,Antioquia,Guadalupe,NORTE,4584,22.7,889.0,,05315.jpg,JOSÉ FERNANDO SALAZAR OSPINA,alcaldia@guadalupe-antioquia.gov.co,,,,,,,,,,,,,,,
05318,Antioquia,Guarne,ORIENTE,60921,14.6,2149.0,,05318.jpg,DIEGO MAURICIO GRISALES GALLEGO,alcaldia@guarne-antioquia.gov.co,,,,,,,,,,,,,,,
05321,Antioquia,Guatapé,ORIENTE,9121,16.7,1881.0,,05321.jpg,DAVID ESTEBAN FRANCO VALLEJO,alcaldia@guatape-antioquia.gov.co,,,,,,,,,,,,,,,
05347,Antioquia,Heliconia,OCCIDENTE,5650,17.7,1554.0,,05347.jpg,JORGE ALEXANDER ÁLVAREZ ARANGO,alcaldia@heliconia-antioquia.gov.co,,,,,,,,,,,,,,,
05353,Antioquia,Hispania,SUROESTE,5855,22.0,903.0,,05353.jpg,ORLANDO ARTURO MARÍN ATEHORTÚA,hacienda@hispania-antioquia.gov.co,,,,,,,,,,,,,,,
05360,Antioquia,Itagui,VALLE DEL ABURRA,303766,18.6,1538.0,,05360.jpg,DIEGO LEÓN TORRES SÁNCHEZ,contactenos@itagui.gov.co,,,,,,,,,,,,,,,
05361,Antioquia,Ituango,NORTE,29103,17.4,1623.0,,05361.jpg,JAVIER DE JESÚS PARIAS POSSO,alcaldia@ituango-antioquia.gov.co,,,,,,,,,,,,,,,
05364,Antioquia,Jardín,SUROESTE,15531,17.1,1844.0,,05364.jpg,CLAUDIA YANETH NARANJO AGUDELO,alcaldia@eljardin-antioquia.gov.co,,,,,,,,,,,,,,,
05368,Antioquia,Jericó,SUROESTE,3966,16.5,1828.0,,05368.jpg,SEBASTIÁN GARCES PIEDRAHITA,alcaldia@jerico-antioquia.gov.co,,,,,,,,,,,,,,,
05376,Antioquia,La Ceja,ORIENTE,71570,15.1,2153.0,,05376.jpg,MARÍA ILBED SANTA SANTA,alcaldia@laceja-antioquia.gov.co,,,,,,,,,,,,,,,
05380,Antioquia,La Estrella,VALLE DEL ABURRA,79103,15.9,1992.0,,05380.jpg,CARLOS MARIO GUTIERREZ ARRUBLA,alcalde@laestrella.gov.co,,,,,,,,,,,,,,,
05390,Antioquia,La Pintada,SUROESTE,8862,23.2,694.0,,05390.jpg,HERMAN ANTONIO CORREA BEDOYA,alcaldia@lapintada-antioquia.gov.co,,,,,,,,,,,,,,,
05400,Antioquia,La Unión,ORIENTE,13439,21.1,967.0,,05400.jpg,CARMEN JUDITH VALENCIA MORENO,alcaldia@launion-antioquia.gov.co,,,,,,,,,,,,,,,
05411,Antioquia,Liborina,OCCIDENTE,10567,16.4,2011.0,,05411.jpg,NANCY AMPARO AVENDAÑO MORENO,contactenos@liborina-antioquia.gov.co,,,,,,,,,,,,,,,
05425,Antioquia,Maceo,MAGDALENA MEDIO,8638,21.3,833.0,,05425.jpg,CAROLINA ANDREA SOSA GÓMEZ,alcaldia@maceo-antioquia.gov.co,,,,,,,,,,,,,,,
05440,Antioquia,Marinilla,ORIENTE,71117,15.3,2085.0,,05440.jpg,JULIO CESAR SERNA GÓMEZ,alcaldia@marinilla-antioquia.gov.co,,,,,,,,,,,,,,,
05467,Antioquia,Montebello,SUROESTE,6955,15.7,1983.0,,05467.jpg,OSCAR ERNESTO CUERVO VILLADA,alcaldia@montebello-antioquia.gov.co,,,,,,,,,,,,,,,
05475,Antioquia,Murindó,URABA,5483,24.8,36.0,,05475.jpg,EMPERATRIZ MENA PALACIO,alcaldia@murindo-antioquia.gov.co,,,,,,,,,,,,,,,
05480,Antioquia,Mutatá,URABA,15069,24.8,132.0,,05480.jpg,JAIRO ENRIQUE ORTIZ PALACIOS,alcaldia@mutata-antioquia.gov.co,,,,,,,,,,,,,,,
05483,Antioquia,Nariño,ORIENTE,2718,18.9,1366.0,,05483.jpg,ERIKA CARDONA PÉREZ,despachoalcalde@narino-antioquia.gov.co,,,,,,,,,,,,,,,
05490,Antioquia,Necoclí,URABA,46213,26.0,13.0,,05490.jpg,GUILLERMO JOSÉ CARDONA MORENO,contactenos@necocli-antioquia.gov.co,,,,,,,,,,,,,,,
05495,Antioquia,Nechí,BAJO CAUCA,28653,25.9,31.0,,05495.jpg,YUMARIS PATRICIA HENRÍQUEZ BANQUET,gobierno@nechi-antioquia.gov.co,,,,,,,,,,,,,,,
05501,Antioquia,Olaya,OCCIDENTE,3325,23.9,625.0,,05501.jpg,JESÚS DAVID HERNÁNDEZ LONDOÑO,alcaldia@olaya-antioquia.gov.co,,,,,,,,,,,,,,,
05541,Antioquia,Peñol,ORIENTE,,16.6,1881.0,,05541.jpg,SANDRA ARELIS DUQUE VELÁSQUEZ,alcaldia@elpenol-antioquia.gov.co,,,,,,,,,,,,,,,
05543,Antioquia,Peque,OCCIDENTE,8677,19.8,1204.0,,05543.jpg,ERMILSON DE JESÚS HERNÁNDEZ HERNÁNDEZ,gobierno@peque-antioquia.gov.co,,,,,,,,,,,,,,,
05576,Antioquia,Pueblorrico,SUROESTE,9148,16.0,1894.0,,05576.jpg,CRISTIAN CAMILO ZAPATA RAMÍREZ,alcaldia@pueblorrico-antioquia.gov.co,,,,,,,,,,,,,,,
05579,Antioquia,Puerto Berrío,MAGDALENA MEDIO,42638,25.8,110.0,,05579.jpg,ROBINSON ALBERTO BAENA ZULUAGA,alcaldia@puertoberrio-antioquia.gov.co,,,,,,,,,,,,,,,
05585,Antioquia,Puerto Nare,MAGDALENA MEDIO,15123,25.6,125.0,,05585.jpg,JUAN CARLOS ACEVEDO ÁLZATE,contactenos@puertonare-antioquia.gov.co,,,,,,,,,,,,,,,
05591,Antioquia,Puerto Triunfo,MAGDALENA MEDIO,19871,25.6,156.0,,05591.jpg,FRANKLIN PORTILLO GÓMEZ,alcaldia@puertotriunfo-antioquia.gov.co,,,,,,,,,,,,,,,
05604,Antioquia,Remedios,NORDESTE,31036,23.0,530.0,,05604.jpg,ALBEIRO ARENAS MOLINA,contactenos@remedios-antioquia.gov.co,,,,,,,,,,,,,,,
05607,Antioquia,Retiro,ORIENTE,25933,15.1,2166.0,,05607.jpg,SANTIAGO MONTOYA GIRALDO,alcaldia@elretiro-antioquia.gov.co,,,,,,,,,,,,,,,
05615,Antioquia,Rionegro,ORIENTE,27767,15.4,2090.0,,05615.jpg,JORGE HUMBERTO RIVAS URREA,alcaldia@rionegro.gov.co,,,,,,,,,,,,,,,
05628,Antioquia,Sabanalarga,OCCIDENTE,3646,26.2,97.0,,05628.jpg,CESAR ALONSO CUADROS GEORGE,contactenos@sabanalarga-antioquia.gov.co,,,,,,,,,,,,,,,
05631,Antioquia,Sabaneta,VALLE DEL ABURRA,92159,17.9,1592.0,,05631.jpg,ALDER JAMES CRUZ OCAMPO,alcaldia@sabaneta.gov.co,,,,,,,,,,,,,,,
05642,Antioquia,Salgar,SUROESTE,19124,20.4,1209.0,,05642.jpg,VÍCTOR RAÚL MAYA CEBALLOS,alcaldia@salgar-antioquia.gov.co,,,,,,,,,,,,,,,
05647,Antioquia,San Andrés de Cuerquía,NORTE,7625,17.0,1808.0,,05647.jpg,JOSÉ FERNANDO CHAVARRIA CHAVARRIA,alcaldia@sanandresdecuerquia-antioquia.gov.co,,,,,,,,,,,,,,,
05649,Antioquia,San Carlos,ORIENTE,16559,25.6,35.0,,05649.jpg,SANTIAGO DAZA ESPINOSA,alcaldia@sancarlos-antioquia.gov.co,,,,,,,,,,,,,,,
05652,Antioquia,San Francisco,ORIENTE,5797,15.3,1972.0,,05652.jpg,ARTURO ALEXANDER ARIAS DUQUE,alcaldia@sanfrancisco-antioquia.gov.co,,,,,,,,,,,,,,,
05656,Antioquia,San Jerónimo,OCCIDENTE,16778,23.2,728.0,,05656.jpg,DONALDO FERNAN VIVARES GALLEGO,alcaldia@sanjeronimo-antioquia.gov.co,,,,,,,,,,,,,,,
05658,Antioquia,San José de La Montaña,NORTE,3943,10.6,2931.0,,05658.jpg,JULIAN ANDRÉS GONZÁLEZ POSADA,contactenos@sanjosedelamontana-antioquia.gov.co,,,,,,,,,,,,,,,
05659,Antioquia,San Juan de Urabá,URABA,21945,25.5,46.0,,05659.jpg,JULIA ESPERANZA MEDRANO COA,contactenos@sanjuandeuraba-antioquia.gov.co,,,,,,,,,,,,,,,
05660,Antioquia,San Luis,ORIENTE,13550,24.7,538.0,,05660.jpg,CESAR ABAD BUITRAGO ARIAS,alcaldia@sanluis-antioquia.gov.co,,,,,,,,,,,,,,,
05664,Antioquia,San Pedro,NORTE,17545,25.9,144.0,,05664.jpg,,,,,,,,,,,,,,,,,
05665,Antioquia,San Pedro de Uraba,URABA,33667,24.7,141.0,,05665.jpg,NEVER JACINTO CARVAJAL MIRANDA,alcaldia@sanpedrodeuraba-antioquia.gov.co,,,,,,,,,,,,,,,
05667,Antioquia,San Rafael,ORIENTE,16404,18.7,1385.0,,05667.jpg,EDUIN ANICETO GIRALDO QUINTANA,alcaldia@sanrafael-antioquia.gov.co,,,,,,,,,,,,,,,
05670,Antioquia,San Roque,NORDESTE,22618,20.6,1033.0,,05670.jpg,LUIS ALEJANDRO VILLEGAS CANO,contactenos@sanroque-antioquia.gov.co,,,,,,,,,,,,,,,
05674,Antioquia,San Vicente,ORIENTE,23531,14.6,2140.0,,05674.jpg,NELSON DE JESÚS HENAO ZAPATA,alcaldia@sanvicente-antioquia.gov.co,,,,,,,,,,,,,,,
05679,Antioquia,Santa Bárbara,SUROESTE,2512,18.2,1507.0,,05679.jpg,JORGE MARIO QUINTANA CAÑAVERAL,contactenos@santabarbara-antioquia.gov.co,,,,,,,,,,,,,,,
05686,Antioquia,Santa Rosa de Osos,NORTE,39667,12.6,2586.0,,05686.jpg,LUIS BERNARDO MOLINA GRANDA,contacto@santarosadeosos.gov.co,,,,,,,,,,,,,,,
05690,Antioquia,Santo Domingo,NORDESTE,12907,15.4,1968.0,,05690.jpg,FABIO IGNACIO MIRA VALENCIA,contactenos@santodomingo-antioquia.gov.co,,,,,,,,,,,,,,,
05697,Antioquia,El Santuario,ORIENTE,38336,14.4,2156.0,,05697.jpg,MARTIN ALBERTO DUQUE GALLO,contactenos@elsantuario-antioquia.gov.co,Fiestas del Retorno,2026-12-26,,,,,,,,,,,,,
05736,Antioquia,Segovia,NORDESTE,41241,22.2,680.0,,05736.jpg,EDWIN ALEXANDER CASTAÑEDA VAHOS,alcaldia@segovia-antioquia.gov.co,,,,,,,,,,,,,,,
05756,Antioquia,Sonson,ORIENTE,38357,13.6,2493.0,,05756.jpg,JUAN DIEGO ZULUAGA PULGARIN,alcalde@sonson-antioquia.gov.co,,,,,,,,,,,,,,,
05761,Antioquia,Sopetrán,OCCIDENTE,16245,23.0,739.0,,05761.jpg,TATIANA ALEXANDRA CARBALLO HOYOS,alcaldia@sopetran-antioquia.gov.co,,,,,,,,,,,,,,,
05789,Antioquia,Támesis,SUROESTE,16967,17.2,1823.0,,05789.jpg,JUAN PABLO PÉREZ RAMÍREZ,alcaldia@tamesis-antioquia.gov.co,,,,,,,,,,,,,,,
05790,Antioquia,Tarazá,BAJO CAUCA,29319,24.5,275.0,,05790.jpg,YOMER FABIAN ÁLVAREZ CORREA,contactenos@taraza-antioquia.gov.co,,,,,,,,,,,,,,,
05792,Antioquia,Tarso,SUROESTE,6526,20.6,1155.0,,05792.jpg,HUGO ALEXANDER OCAMPO RIOS,gobierno@tarso-antioquia.gov.co,,,,,,,,,,,,,,,
05809,Antioquia,Titiribí,SUROESTE,11226,18.2,1540.0,,05809.jpg,ALEX DAVID RESTREPO SALAZAR,alcaldia@titiribi-antioquia.gov.co,,,,,,,,,,,,,,,
05819,Antioquia,Toledo,NORTE,5281,13.7,2092.0,,05819.jpg,JHONNY ALBERTO MARÍN MUÑETON,alcaldia@toledo-antioquia.gov.co,,,,,,,,,,,,,,,
05837,Antioquia,Turbo,URABA,136374,25.6,1.0,,05837.jpg,ALEJANDRO ABUCHAR GONZÁLEZ,alcalde@turbo-antioquia.gov.co,,,,,,,,,,,,,,,
05842,Antioquia,Uramita,OCCIDENTE,7225,21.5,880.0,,05842.jpg,LEONARDO ÚSUGA CORREA,alcaldia@uramita-antioquia.gov.co,,,,,,,,,,,,,,,
05847,Antioquia,Urrao,SUROESTE,32336,14.1,2173.0,,05847.jpg,NILSON JAVIER BARRERA HOLGUIN,alcalde@urrao-antioquia.gov.co,,,,,,,,,,,,,,,
05854,Antioquia,Valdivia,NORTE,14769,24.4,234.0,,05854.jpg,CARLOS DANOBER MOLINA BETANCUR,alcaldia@valdivia-antioquia.gov.co,,,,,,,,,,,,,,,
05856,Antioquia,Valparaíso,SUROESTE,6778,24.9,231.0,,05856.jpg,JOSÉ MARIO HERNÁNDEZ DEVIA,alcaldia@valparaiso-antioquia.gov.co,,,,,,,,,,,,,,,
05858,Antioquia,Vegachí,NORDESTE,12608,21.0,982.0,,05858.jpg,JOSÉ MARÍA OCHOA MUÑOZ,alcaldia@vegachi-antioquia.gov.co,,,,,,,,,,,,,,,
05861,Antioquia,Venecia,SUROESTE,4907,20.2,1308.0,,05861.jpg,FERNEY DARÍO FERNANDEZ,alcaldia@venecia-antioquia.gov.co,,,,,,,,,,,,,,,
05873,Antioquia,Vigía del Fuerte,URABA,9869,24.6,12.0,,05873.jpg,JHOSELIN LOZANO MENA,contactenos@vigiadelfuerte-antioquia.gov.co,,,,,,,,,,,,,,,
05885,Antioquia,Yalí,NORDESTE,8044,20.7,968.0,,05885.jpg,JHON JAIRO GIRALDO POSADA,alcaldia@yali-antioquia.gov.co,,,,,,,,,,,,,,,
05887,Antioquia,Yarumal,NORTE,44696,13.2,2424.0,,05887.jpg,CRISTIAN DAVID CESPEDES CORREA,alcaldia@yarumal.gov.co,,,,,,,,,,,,,,,
05890,Antioquia,Yolombó,NORDESTE,24617,19.0,1378.0,,05890.jpg,JESÚS AMADOR PÉREZ PALACIO,gobierno@yolombo-antioquia.gov.co,,,,,,,,,,,,,,,
05893,Antioquia,Yondó,MAGDALENA MEDIO,21065,25.9,72.0,,05893.jpg,YERSON ANTONIO ARIZA RIVERA,alcaldia@yondo-antioquia.gov.co,,,,,,,,,,,,,,,
05895,Antioquia,Zaragoza,BAJO CAUCA,26924,25.3,66.0,,05895.jpg,ANDRÉS EMILIO LUJAN MONROY,contactenos@zaragoza-antioquia.gov.co,,,,,,,,,,,,,,,
08001,,,,,,,,,,,Carnaval de Barranquilla,2026-02-14,,,,,,,,,,,,,
08078,,,,,,,,,,,,,,,,,,,,,,,,,
08137,,,,,,,,,,,,,,,,,,,,,,,,,
08141,,,,,,,,,,,,,,,,,,,,,,,,,
08296,,,,,,,,,,,,,,,,,,,,,,,,,
08372,,,,,,,,,,,,,,,,,,,,,,,,,
08421,,,,,,,,,,,,,,,,,,,,,,,,,
08433,,,,,,,,,,,,,,,,,,,,,,,,,
08436,,,,,,,,,,,,,,,,,,,,,,,,,
08520,,,,,,,,,,,,,,,,,,,,,,,,,
08549,,,,,,,,,,,,,,,,,,,,,,,,,
08558,,,,,,,,,,,,,,,,,,,,,,,,,
08560,,,,,,,,,,,,,,,,,,,,,,,,,
08573,,,,,,,,,,,,,,,,,,,,,,,,,
08606,,,,,,,,,,,,,,,,,,,,,,,,,
08634,,,,,,,,,,,,,,,,,,,,,,,,,
08638,,,,,,,,,,,,,,,,,,,,,,,,,
08675,,,,,,,,,,,,,,,,,,,,,,,,,
08685,,,,,,,,,,,,,,,,,,,,,,,,,
08758,,,,,,,,,,,,,,,,,,,,,,,,,
08770,,,,,,,,,,,,,,,,,,,,,,,,,
08832,,,,,,,,,,,,,,,,,,,,,,,,,
08849,,,,,,,,,,,,,,,,,,,,,,,,,
11001,,,,,,,,,,,Festival de Verano,2026-08-01,,,,,,,,,,,,,
11001,,,,,,,,,,,Festival Iberoamericano de Teatro,2026-03-20,,,,,,,,,,,,,
11001,,,,,,,,,,,Rock al Parque,2026-07-04,,,,,,,,,,,,,
11001,,,,,,,,,,,Jazz al Parque,2026-09-12,,,,,,,,,,,,,
11001,,,,,,,,,,,Hip Hop al Parque,2026-10-10,,,,,,,,,,,,,
13001,,,,,,,,,,,Fiestas de la Independencia de Cartagena,2026-11-11,,,,,,,,,,,,,
13006,,,,,,,,,,,,,,,,,,,,,,,,,
13030,,,,,,,,,,,,,,,,,,,,,,,,,
13042,,,,,,,,,,,,,,,,,,,,,,,,,
13052,,,,,,,,,,,,,,,,,,,,,,,,,
13062,,,,,,,,,,,,,,,,,,,,,,,,,
13074,,,,,,,,,,,,,,,,,,,,,,,,,
13140,,,,,,,,,,,,,,,,,,,,,,,,,
13160,,,,,,,,,,,,,,,,,,,,,,,,,
13188,,,,,,,,,,,,,,,,,,,,,,,,,
13212,,,,,,,,,,,,,,,,,,,,,,,,,
13222,,,,,,,,,,,,,,,,,,,,,,,,,
13244,,,,,,,,,,,,,,,,,,,,,,,,,
13248,,,,,,,,,,,,,,,,,,,,,,,,,
13268,,,,,,,,,,,,,,,,,,,,,,,,,
13300,,,,,,,,,,,,,,,,,,,,,,,,,
13430,,,,,,,,,,,,,,,,,,,,,,,,,
13433,,,,,,,,,,,,,,,,,,,,,,,,,
13440,,,,,,,,,,,,,,,,,,,,,,,,,
13442,,,,,,,,,,,,,,,,,,,,,,,,,
13458,,,,,,,,,,,,,,,,,,,,,,,,,
13468,,,,,,,,,,,,,,,,,,,,,,,,,
13473,,,,,,,,,,,,,,,,,,,,,,,,,
13549,,,,,,,,,,,,,,,,,,,,,,,,,
13580,,,,,,,,,,,,,,,,,,,,,,,,,
13600,,,,,,,,,,,,,,,,,,,,,,,,,
13620,,,,,,,,,,,,,,,,,,,,,,,,,
13647,,,,,,,,,,,,,,,,,,,,,,,,,
13650,,,,,,,,,,,,,,,,,,,,,,,,,
13654,,,,,,,,,,,,,,,,,,,,,,,,,
13655,,,,,,,,,,,,,,,,,,,,,,,,,
13657,,,,,,,,,,,,,,,,,,,,,,,,,
13667,,,,,,,,,,,,,,,,,,,,,,,,,
13670,,,,,,,,,,,,,,,,,,,,,,,,,
13673,,,,,,,,,,,,,,,,,,,,,,,,,
13683,,,,,,,,,,,,,,,,,,,,,,,,,
13688,,,,,,,,,,,,,,,,,,,,,,,,,
13744,,,,,,,,,,,,,,,,,,,,,,,,,
13760,,,,,,,,,,,,,,,,,,,,,,,,,
13780,,,,,,,,,,,,,,,,,,,,,,,,,
13810,,,,,,,,,,,,,,,,,,,,,,,,,
13836,,,,,,,,,,,,,,,,,,,,,,,,,
13838,,,,,,,,,,,,,,,,,,,,,,,,,
13873,,,,,,,,,,,,,,,,,,,,,,,,,
13894,,,,,,,,,,,,,,,,,,,,,,,,,
15001,,,,,,,,,,,Aguinaldo Boyacense,2026-12-16,,,,,,,,,,,,,
15001,,,,,,,,,,,Desfile de Carrozas Aguinaldo Boyacense,2026-12-20,,,,,,,,,,,,,
15022,,,,,,,,,,,,,,,,,,,,,,,,,
15047,,,,,,,,,,,,,,,,,,,,,,,,,
15051,,,,,,,,,,,,,,,,,,,,,,,,,
15087,,,,,,,,,,,,,,,,,,,,,,,,,
15090,,,,,,,,,,,,,,,,,,,,,,,,,
15092,,,,,,,,,,,,,,,,,,,,,,,,,
15097,,,,,,,,,,,,,,,,,,,,,,,,,
15104,,,,,,,,,,,,,,,,,,,,,,,,,
15106,,,,,,,,,,,,,,,,,,,,,,,,,
15109,,,,,,,,,,,,,,,,,,,,,,,,,
15114,,,,,,,,,,,,,,,,,,,,,,,,,
15131,,,,,,,,,,,,,,,,,,,,,,,,,
15135,,,,,,,,,,,,,,,,,,,,,,,,,
15162,,,,,,,,,,,,,,,,,,,,,,,,,
15172,,,,,,,,,,,,,,,,,,,,,,,,,
15176,,,,,,,,,,,,,,,,,,,,,,,,,
15180,,,,,,,,,,,,,,,,,,,,,,,,,
15183,,,,,,,,,,,,,,,,,,,,,,,,,
15185,,,,,,,,,,,,,,,,,,,,,,,,,
15187,,,,,,,,,,,,,,,,,,,,,,,,,
15189,,,,,,,,,,,,,,,,,,,,,,,,,
15204,,,,,,,,,,,,,,,,,,,,,,,,,
15212,,,,,,,,,,,,,,,,,,,,,,,,,
15215,,,,,,,,,,,,,,,,,,,,,,,,,
15218,,,,,,,,,,,,,,,,,,,,,,,,,
15223,,,,,,,,,,,,,,,,,,,,,,,,,
15224,,,,,,,,,,,,,,,,,,,,,,,,,
15226,,,,,,,,,,,,,,,,,,,,,,,,,
15232,,,,,,,,,,,,,,,,,,,,,,,,,
15236,,,,,,,,,,,,,,,,,,,,,,,,,
15238,,,,,,,,,,,,,,,,,,,,,,,,,
15244,,,,,,,,,,,,,,,,,,,,,,,,,
15248,,,,,,,,,,,,,,,,,,,,,,,,,
15272,,,,,,,,,,,,,,,,,,,,,,,,,
15276,,,,,,,,,,,,,,,,,,,,,,,,,
15293,,,,,,,,,,,,,,,,,,,,,,,,,
15296,,,,,,,,,,,,,,,,,,,,,,,,,
15299,,,,,,,,,,,,,,,,,,,,,,,,,
15317,,,,,,,,,,,,,,,,,,,,,,,,,
15322,,,,,,,,,,,,,,,,,,,,,,,,,
15325,,,,,,,,,,,,,,,,,,,,,,,,,
15332,,,,,,,,,,,,,,,,,,,,,,,,,
15362,,,,,,,,,,,,,,,,,,,,,,,,,
15367,,,,,,,,,,,,,,,,,,,,,,,,,
15368,,,,,,,,,,,,,,,,,,,,,,,,,
15377,,,,,,,,,,,,,,,,,,,,,,,,,
15380,,,,,,,,,,,,,,,,,,,,,,,,,
15401,,,,,,,,,,,,,,,,,,,,,,,,,
15403,,,,,,,,,,,,,,,,,,,,,,,,,
15407,,,,,,,,,,,,,,,,,,,,,,,,,
15425,,,,,,,,,,,,,,,,,,,,,,,,,
15442,,,,,,,,,,,,,,,,,,,,,,,,,
15455,,,,,,,,,,,,,,,,,,,,,,,,,
15464,,,,,,,,,,,,,,,,,,,,,,,,,
15466,,,,,,,,,,,,,,,,,,,,,,,,,
15469,,,,,,,,,,,,,,,,,,,,,,,,,
15476,,,,,,,,,,,,,,,,,,,,,,,,,
15480,,,,,,,,,,,,,,,,,,,,,,,,,
15491,,,,,,,,,,,,,,,,,,,,,,,,,
15494,,,,,,,,,,,,,,,,,,,,,,,,,
15500,,,,,,,,,,,,,,,,,,,,,,,,,
15507,,,,,,,,,,,,,,,,,,,,,,,,,
15511,,,,,,,,,,,,,,,,,,,,,,,,,
15514,,,,,,,,,,,,,,,,,,,,,,,,,
15516,,,,,,,,,,,,,,,,,,,,,,,,,
15518,,,,,,,,,,,,,,,,,,,,,,,,,
15522,,,,,,,,,,,,,,,,,,,,,,,,,
15531,,,,,,,,,,,,,,,,,,,,,,,,,
15533,,,,,,,,,,,,,,,,,,,,,,,,,
15537,,,,,,,,,,,,,,,,,,,,,,,,,
15542,,,,,,,,,,,,,,,,,,,,,,,,,
15550,,,,,,,,,,,,,,,,,,,,,,,,,
15572,,,,,,,,,,,,,,,,,,,,,,,,,
15580,,,,,,,,,,,,,,,,,,,,,,,,,
15599,,,,,,,,,,,,,,,,,,,,,,,,,
15600,,,,,,,,,,,,,,,,,,,,,,,,,
15621,,,,,,,,,,,,,,,,,,,,,,,,,
15632,,,,,,,,,,,,,,,,,,,,,,,,,
15638,,,,,,,,,,,,,,,,,,,,,,,,,
15646,,,,,,,,,,,,,,,,,,,,,,,,,
15660,,,,,,,,,,,,,,,,,,,,,,,,,
15664,,,,,,,,,,,,,,,,,,,,,,,,,
15667,,,,,,,,,,,,,,,,,,,,,,,,,
15673,,,,,,,,,,,,,,,,,,,,,,,,,
15676,,,,,,,,,,,,,,,,,,,,,,,,,
15681,,,,,,,,,,,,,,,,,,,,,,,,,
15686,,,,,,,,,,,,,,,,,,,,,,,,,
15690,,,,,,,,,,,,,,,,,,,,,,,,,
15693,,,,,,,,,,,,,,,,,,,,,,,,,
15696,,,,,,,,,,,,,,,,,,,,,,,,,
15720,,,,,,,,,,,,,,,,,,,,,,,,,
15723,,,,,,,,,,,,,,,,,,,,,,,,,
15740,,,,,,,,,,,,,,,,,,,,,,,,,
15753,,,,,,,,,,,,,,,,,,,,,,,,,
15755,,,,,,,,,,,,,,,,,,,,,,,,,
15757,,,,,,,,,,,,,,,,,,,,,,,,,
15759,,,,,,,,,,,,,,,,,,,,,,,,,
15761,,,,,,,,,,,,,,,,,,,,,,,,,
15762,,,,,,,,,,,,,,,,,,,,,,,,,
15763,,,,,,,,,,,,,,,,,,,,,,,,,
15764,,,,,,,,,,,,,,,,,,,,,,,,,
15774,,,,,,,,,,,,,,,,,,,,,,,,,
15776,,,,,,,,,,,,,,,,,,,,,,,,,
15778,,,,,,,,,,,,,,,,,,,,,,,,,
15790,,,,,,,,,,,,,,,,,,,,,,,,,
15798,,,,,,,,,,,,,,,,,,,,,,,,,
15804,,,,,,,,,,,,,,,,,,,,,,,,,
15806,,,,,,,,,,,,,,,,,,,,,,,,,
15808,,,,,,,,,,,,,,,,,,,,,,,,,
15810,,,,,,,,,,,,,,,,,,,,,,,,,
15814,,,,,,,,,,,,,,,,,,,,,,,,,
15816,,,,,,,,,,,,,,,,,,,,,,,,,
15820,,,,,,,,,,,,,,,,,,,,,,,,,
15822,,,,,,,,,,,,,,,,,,,,,,,,,
15832,,,,,,,,,,,,,,,,,,,,,,,,,
15835,,,,,,,,,,,,,,,,,,,,,,,,,
15837,,,,,,,,,,,,,,,,,,,,,,,,,
15839,,,,,,,,,,,,,,,,,,,,,,,,,
15842,,,,,,,,,,,,,,,,,,,,,,,,,
15861,,,,,,,,,,,,,,,,,,,,,,,,,
15879,,,,,,,,,,,,,,,,,,,,,,,,,
15897,,,,,,,,,,,,,,,,,,,,,,,,,
17001,,,,,,,,,,,Feria de Manizales,2026-01-05,,,,,,,,,,,,,
17001,,,,,,,,,,,Reinado Internacional del Café,2026-01-06,,,,,,,,,,,,,
17013,,,,,,,,,,,,,,,,,,,,,,,,,
17042,,,,,,,,,,,,,,,,,,,,,,,,,
17050,,,,,,,,,,,,,,,,,,,,,,,,,
17088,,,,,,,,,,,,,,,,,,,,,,,,,
17174,,,,,,,,,,,,,,,,,,,,,,,,,
17272,,,,,,,,,,,,,,,,,,,,,,,,,
17380,,,,,,,,,,,,,,,,,,,,,,,,,
17388,,,,,,,,,,,,,,,,,,,,,,,,,
17433,,,,,,,,,,,,,,,,,,,,,,,,,
17442,,,,,,,,,,,,,,,,,,,,,,,,,
17444,,,,,,,,,,,,,,,,,,,,,,,,,
17446,,,,,,,,,,,,,,,,,,,,,,,,,
17486,,,,,,,,,,,,,,,,,,,,,,,,,
17495,,,,,,,,,,,,,,,,,,,,,,,,,
17513,,,,,,,,,,,,,,,,,,,,,,,,,
17524,,,,,,,,,,,,,,,,,,,,,,,,,
17541,,,,,,,,,,,,,,,,,,,,,,,,,
17614,,,,,,,,,,,,,,,,,,,,,,,,,
17616,,,,,,,,,,,,,,,,,,,,,,,,,
17653,,,,,,,,,,,,,,,,,,,,,,,,,
17662,,,,,,,,,,,,,,,,,,,,,,,,,
17665,,,,,,,,,,,,,,,,,,,,,,,,,
17777,,,,,,,,,,,,,,,,,,,,,,,,,
17867,,,,,,,,,,,,,,,,,,,,,,,,,
17873,,,,,,,,,,,,,,,,,,,,,,,,,
17877,,,,,,,,,,,,,,,,,,,,,,,,,
18001,,,,,,,,,,,,,,,,,,,,,,,,,
18029,,,,,,,,,,,,,,,,,,,,,,,,,
18094,,,,,,,,,,,,,,,,,,,,,,,,,
18150,,,,,,,,,,,,,,,,,,,,,,,,,
18205,,,,,,,,,,,,,,,,,,,,,,,,,
18247,,,,,,,,,,,,,,,,,,,,,,,,,
18256,,,,,,,,,,,,,,,,,,,,,,,,,
18410,,,,,,,,,,,,,,,,,,,,,,,,,
18460,,,,,,,,,,,,,,,,,,,,,,,,,
18479,,,,,,,,,,,,,,,,,,,,,,,,,
18592,,,,,,,,,,,,,,,,,,,,,,,,,
18610,,,,,,,,,,,,,,,,,,,,,,,,,
18753,,,,,,,,,,,,,,,,,,,,,,,,,
18756,,,,,,,,,,,,,,,,,,,,,,,,,
18785,,,,,,,,,,,,,,,,,,,,,,,,,
18860,,,,,,,,,,,,,,,,,,,,,,,,,
19001,,,,,,,,,,,Semana Santa de Popayán,2026-03-29,,,,,,,,,,,,,
19001,,,,,,,,,,,Procesión del Viernes Santo,2026-04-03,,,,,,,,,,,,,
19022,,,,,,,,,,,,,,,,,,,,,,,,,
19050,,,,,,,,,,,,,,,,,,,,,,,,,
19075,,,,,,,,,,,,,,,,,,,,,,,,,
19100,,,,,,,,,,,,,,,,,,,,,,,,,
19110,,,,,,,,,,,,,,,,,,,,,,,,,
19130,,,,,,,,,,,,,,,,,,,,,,,,,
19137,,,,,,,,,,,,,,,,,,,,,,,,,
19142,,,,,,,,,,,,,,,,,,,,,,,,,
19212,,,,,,,,,,,,,,,,,,,,,,,,,
19256,,,,,,,,,,,,,,,,,,,,,,,,,
19290,,,,,,,,,,,,,,,,,,,,,,,,,
19318,,,,,,,,,,,,,,,,,,,,,,,,,
19355,,,,,,,,,,,,,,,,,,,,,,,,,
19364,,,,,,,,,,,,,,,,,,,,,,,,,
19392,,,,,,,,,,,,,,,,,,,,,,,,,
19397,,,,,,,,,,,,,,,,,,,,,,,,,
19418,,,,,,,,,,,,,,,,,,,,,,,,,
19450,,,,,,,,,,,,,,,,,,,,,,,,,
19455,,,,,,,,,,,,,,,,,,,,,,,,,
19473,,,,,,,,,,,,,,,,,,,,,,,,,
19513,,,,,,,,,,,,,,,,,,,,,,,,,
19517,,,,,,,,,,,,,,,,,,,,,,,,,
19532,,,,,,,,,,,,,,,,,,,,,,,,,
19533,,,,,,,,,,,,,,,,,,,,,,,,,
19548,,,,,,,,,,,,,,,,,,,,,,,,,
19573,,,,,,,,,,,,,,,,,,,,,,,,,
19585,,,,,,,,,,,,,,,,,,,,,,,,,
19622,,,,,,,,,,,,,,,,,,,,,,,,,
19693,,,,,,,,,,,,,,,,,,,,,,,,,
19698,,,,,,,,,,,,,,,,,,,,,,,,,
19701,,,,,,,,,,,,,,,,,,,,,,,,,
19743,,,,,,,,,,,,,,,,,,,,,,,,,
19760,,,,,,,,,,,,,,,,,,,,,,,,,
19780,,,,,,,,,,,,,,,,,,,,,,,,,
19785,,,,,,,,,,,,,,,,,,,,,,,,,
19807,,,,,,,,,,,,,,,,,,,,,,,,,
19809,,,,,,,,,,,,,,,,,,,,,,,,,
19821,,,,,,,,,,,,,,,,,,,,,,,,,
19824,,,,,,,,,,,,,,,,,,,,,,,,,
19845,,,,,,,,,,,,,,,,,,,,,,,,,
20001,,,,,,,,,,,Festival de la Leyenda Vallenata,2026-04-29,,,,,,,,,,,,,
20001,,,,,,,,,,,Desfile de Piloneras,2026-04-29,,,,,,,,,,,,,
20011,,,,,,,,,,,,,,,,,,,,,,,,,
20013,,,,,,,,,,,,,,,,,,,,,,,,,
20032,,,,,,,,,,,,,,,,,,,,,,,,,
20045,,,,,,,,,,,,,,,,,,,,,,,,,
20060,,,,,,,,,,,,,,,,,,,,,,,,,
20175,,,,,,,,,,,,,,,,,,,,,,,,,
20178,,,,,,,,,,,,,,,,,,,,,,,,,
20228,,,,,,,,,,,,,,,,,,,,,,,,,
20238,,,,,,,,,,,,,,,,,,,,,,,,,
20250,,,,,,,,,,,,,,,,,,,,,,,,,
20295,,,,,,,,,,,,,,,,,,,,,,,,,
20310,,,,,,,,,,,,,,,,,,,,,,,,,
20383,,,,,,,,,,,,,,,,,,,,,,,,,
20400,,,,,,,,,,,,,,,,,,,,,,,,,
20443,,,,,,,,,,,,,,,,,,,,,,,,,
20517,,,,,,,,,,,,,,,,,,,,,,,,,
20550,,,,,,,,,,,,,,,,,,,,,,,,,
20570,,,,,,,,,,,,,,,,,,,,,,,,,
20614,,,,,,,,,,,,,,,,,,,,,,,,,
20621,,,,,,,,,,,,,,,,,,,,,,,,,
20710,,,,,,,,,,,,,,,,,,,,,,,,,
20750,,,,,,,,,,,,,,,,,,,,,,,,,
20770,,,,,,,,,,,,,,,,,,,,,,,,,
20787,,,,,,,,,,,,,,,,,,,,,,,,,
23001,,,,,,,,,,,Feria Nacional de la Ganadería,2026-06-15,,,,,,,,,,,,,
23001,,,,,,,,,,,Cabalgata de la Feria Ganadera,2026-06-16,,,,,,,,,,,,,
23068,,,,,,,,,,,,,,,,,,,,,,,,,
23079,,,,,,,,,,,,,,,,,,,,,,,,,
23090,,,,,,,,,,,,,,,,,,,,,,,,,
23162,,,,,,,,,,,,,,,,,,,,,,,,,
23168,,,,,,,,,,,,,,,,,,,,,,,,,
23182,,,,,,,,,,,,,,,,,,,,,,,,,
23189,,,,,,,,,,,,,,,,,,,,,,,,,
23300,,,,,,,,,,,,,,,,,,,,,,,,,
23350,,,,,,,,,,,,,,,,,,,,,,,,,
23417,,,,,,,,,,,,,,,,,,,,,,,,,
23419,,,,,,,,,,,,,,,,,,,,,,,,,
23464,,,,,,,,,,,,,,,,,,,,,,,,,
23466,,,,,,,,,,,,,,,,,,,,,,,,,
23500,,,,,,,,,,,,,,,,,,,,,,,,,
23555,,,,,,,,,,,,,,,,,,,,,,,,,
23570,,,,,,,,,,,,,,,,,,,,,,,,,
23574,,,,,,,,,,,,,,,,,,,,,,,,,
23580,,,,,,,,,,,,,,,,,,,,,,,,,
23586,,,,,,,,,,,,,,,,,,,,,,,,,
23660,,,,,,,,,,,,,,,,,,,,,,,,,
23670,,,,,,,,,,,,,,,,,,,,,,,,,
23672,,,,,,,,,,,,,,,,,,,,,,,,,
23675,,,,,,,,,,,,,,,,,,,,,,,,,
23678,,,,,,,,,,,,,,,,,,,,,,,,,
23686,,,,,,,,,,,,,,,,,,,,,,,,,
23807,,,,,,,,,,,,,,,,,,,,,,,,,
23855,,,,,,,,,,,,,,,,,,,,,,,,,
25001,,,,,,,,,,,Fiestas de la Virgen del Carmen,2026-07-16,,,,,,,,,,,,,
25019,,,,,,,,,,,Fiestas de San Pedro,2026-06-29,,,,,,,,,,,,,
25035,,,,,,,,,,,Fiestas del Sol,2026-01-10,,,,,,,,,,,,,
25040,,,,,,,,,,,Fiestas del Corpus Christi,2026-06-11,,,,,,,,,,,,,
25053,,,,,,,,,,,Fiestas de San Antonio,2026-06-13,,,,,,,,,,,,,
25086,,,,,,,,,,,Fiestas de San Isidro Labrador,2026-05-15,,,,,,,,,,,,,
25095,,,,,,,,,,,Fiestas de la Virgen del Carmen,2026-07-16,,,,,,,,,,,,,
25099,,,,,,,,,,,Fiestas de Nuestra Señora de la Salud,2026-09-08,,,,,,,,,,,,,
25120,,,,,,,,,,,Fiestas de San Pedro,2026-06-29,,,,,,,,,,,,,
25123,,,,,,,,,,,Fiestas de San Antonio,2026-06-13,,,,,,,,,,,,,
25126,,,,,,,,,,,Fiestas de la Virgen del Carmen,2026-07-16,,,,,,,,,,,,,
25148,,,,,,,,,,,Fiestas de San Isidro Labrador,2026-05-15,,,,,,,,,,,,,
25151,,,,,,,,,,,Fiestas de San Pedro,2026-06-29,,,,,,,,,,,,,
25154,,,,,,,,,,,Fiestas de San Antonio,2026-06-13,,,,,,,,,,,,,
25168,,,,,,,,,,,Fiestas de San Isidro Labrador,2026-05-15,,,,,,,,,,,,,
25175,,,,,,,,,,,Fiestas de la Virgen del Carmen,2026-07-16,,,,,,,,,,,,,
25178,,,,,,,,,,,Fiestas de San Pedro,2026-06-29,,,,,,,,,,,,,
25181,,,,,,,,,,,Fiestas de la Virgen del Carmen,2026-07-16,,,,,,,,,,,,,
25183,,,,,,,,,,,Fiestas de San Isidro Labrador,2026-05-15,,,,,,,,,,,,,
25200,,,,,,,,,,,Fiestas de San Antonio,2026-06-13,,,,,,,,,,,,,
25214,,,,,,,,,,,Fiestas de San Pedro,2026-06-29,,,,,,,,,,,,,
25224,,,,,,,,,,,Fiestas de la Virgen del Carmen,2026-07-16,,,,,,,,,,,,,
25245,,,,,,,,,,,Fiestas del Retorno,2026-12-26,,,,,,,,,,,,,
25258,,,,,,,,,,,Fiestas de San Antonio,2026-06-13,,,,,,,,,,,,,
25260,,,,,,,,,,,Fiestas de San Isidro Labrador,2026-05-15,,,,,,,,,,,,,
25269,,,,,,,,,,,Fiestas de San Pedro,2026-06-29,,,,,,,,,,,,,
25279,,,,,,,,,,,Fiestas de San Antonio,2026-06-13,,,,,,,,,,,,,
25281,,,,,,,,,,,Fiestas de San Isidro Labrador,2026-05-15,,,,,,,,,,,,,
25286,,,,,,,,,,,Fiestas de San Pedro,2026-06-29,,,,,,,,,,,,,
25288,,,,,,,,,,,Fiestas de la Virgen del Carmen,2026-07-16,,,,,,,,,,,,,
25290,,,,,,,,,,,Fiestas de San Pedro,2026-06-29,,,,,,,,,,,,,
25293,,,,,,,,,,,Fiestas de San Isidro Labrador,2026-05-15,,,,,,,,,,,,,
25295,,,,,,,,,,,Fiestas de San Pedro,2026-06-29,,,,,,,,,,,,,
25297,,,,,,,,,,,Fiestas de San Antonio,2026-06-13,,,,,,,,,,,,,
25299,,,,,,,,,,,Fiestas de San Isidro Labrador,2026-05-15,,,,,,,,,,,,,
25307,,,,,,,,,,,Fiestas del Turismo,2026-08-15,,,,,,,,,,,,,
25312,,,,,,,,,,,Fiestas de San Antonio,2026-06-13,,,,,,,,,,,,,
25317,,,,,,,,,,,Fiestas de San Isidro Labrador,2026-05-15,,,,,,,,,,,,,
25320,,,,,,,,,,,Fiestas de San Pedro,2026-06-29,,,,,,,,,,,,,
25322,,,,,,,,,,,Fiestas de San Antonio,2026-06-13,,,,,,,,,,,,,
25324,,,,,,,,,,,Fiestas del Río Magdalena,2026-08-10,,,,,,,,,,,,,
25326,,,,,,,,,,,,,,,,,,,,,,,,,
25328,,,,,,,,,,,,,,,,,,,,,,,,,
25335,,,,,,,,,,,,,,,,,,,,,,,,,
25339,,,,,,,,,,,,,,,,,,,,,,,,,
25368,,,,,,,,,,,,,,,,,,,,,,,,,
25372,,,,,,,,,,,,,,,,,,,,,,,,,
25377,,,,,,,,,,,,,,,,,,,,,,,,,
25386,,,,,,,,,,,,,,,,,,,,,,,,,
25394,,,,,,,,,,,,,,,,,,,,,,,,,
25398,,,,,,,,,,,,,,,,,,,,,,,,,
25402,,,,,,,,,,,,,,,,,,,,,,,,,
25407,,,,,,,,,,,,,,,,,,,,,,,,,
25426,,,,,,,,,,,,,,,,,,,,,,,,,
25430,,,,,,,,,,,,,,,,,,,,,,,,,
25436,,,,,,,,,,,,,,,,,,,,,,,,,
25438,,,,,,,,,,,,,,,,,,,,,,,,,
25473,,,,,,,,,,,,,,,,,,,,,,,,,
25483,,,,,,,,,,,,,,,,,,,,,,,,,
25486,,,,,,,,,,,,,,,,,,,,,,,,,
25488,,,,,,,,,,,,,,,,,,,,,,,,,
25489,,,,,,,,,,,,,,,,,,,,,,,,,
25491,,,,,,,,,,,,,,,,,,,,,,,,,
25506,,,,,,,,,,,,,,,,,,,,,,,,,
25513,,,,,,,,,,,,,,,,,,,,,,,,,
25518,,,,,,,,,,,,,,,,,,,,,,,,,
25524,,,,,,,,,,,,,,,,,,,,,,,,,
25530,,,,,,,,,,,,,,,,,,,,,,,,,
25535,,,,,,,,,,,,,,,,,,,,,,,,,
25572,,,,,,,,,,,,,,,,,,,,,,,,,
25580,,,,,,,,,,,,,,,,,,,,,,,,,
25592,,,,,,,,,,,,,,,,,,,,,,,,,
25594,,,,,,,,,,,,,,,,,,,,,,,,,
25596,,,,,,,,,,,,,,,,,,,,,,,,,
25599,,,,,,,,,,,,,,,,,,,,,,,,,
25612,,,,,,,,,,,,,,,,,,,,,,,,,
25645,,,,,,,,,,,,,,,,,,,,,,,,,
25649,,,,,,,,,,,,,,,,,,,,,,,,,
25653,,,,,,,,,,,,,,,,,,,,,,,,,
25658,,,,,,,,,,,,,,,,,,,,,,,,,
25662,,,,,,,,,,,,,,,,,,,,,,,,,
25718,,,,,,,,,,,,,,,,,,,,,,,,,
25736,,,,,,,,,,,,,,,,,,,,,,,,,
25740,,,,,,,,,,,,,,,,,,,,,,,,,
25743,,,,,,,,,,,,,,,,,,,,,,,,,
25745,,,,,,,,,,,,,,,,,,,,,,,,,
25754,,,,,,,,,,,,,,,,,,,,,,,,,
25758,,,,,,,,,,,,,,,,,,,,,,,,,
25769,,,,,,,,,,,,,,,,,,,,,,,,,
25772,,,,,,,,,,,,,,,,,,,,,,,,,
25777,,,,,,,,,,,,,,,,,,,,,,,,,
25779,,,,,,,,,,,,,,,,,,,,,,,,,
25781,,,,,,,,,,,,,,,,,,,,,,,,,
25785,,,,,,,,,,,,,,,,,,,,,,,,,
25793,,,,,,,,,,,,,,,,,,,,,,,,,
25797,,,,,,,,,,,,,,,,,,,,,,,,,
25799,,,,,,,,,,,,,,,,,,,,,,,,,
25805,,,,,,,,,,,,,,,,,,,,,,,,,
25807,,,,,,,,,,,,,,,,,,,,,,,,,
25815,,,,,,,,,,,,,,,,,,,,,,,,,
25817,,,,,,,,,,,,,,,,,,,,,,,,,
25823,,,,,,,,,,,,,,,,,,,,,,,,,
25839,,,,,,,,,,,,,,,,,,,,,,,,,
25841,,,,,,,,,,,,,,,,,,,,,,,,,
25843,,,,,,,,,,,,,,,,,,,,,,,,,
25845,,,,,,,,,,,,,,,,,,,,,,,,,
25851,,,,,,,,,,,,,,,,,,,,,,,,,
25862,,,,,,,,,,,,,,,,,,,,,,,,,
25867,,,,,,,,,,,,,,,,,,,,,,,,,
25871,,,,,,,,,,,,,,,,,,,,,,,,,
25873,,,,,,,,,,,,,,,,,,,,,,,,,
25875,,,,,,,,,,,,,,,,,,,,,,,,,
25878,,,,,,,,,,,,,,,,,,,,,,,,,
25885,,,,,,,,,,,,,,,,,,,,,,,,,
25898,,,,,,,,,,,,,,,,,,,,,,,,,
25899,,,,,,,,,,,,,,,,,,,,,,,,,
27001,,,,,,,,,,,Fiestas de San Pacho,2026-09-20,,,,,,,,,,,,,
27001,,,,,,,,,,,Desfile de Comparsas San Pacho,2026-09-25,,,,,,,,,,,,,
27006,,,,,,,,,,,,,,,,,,,,,,,,,
27025,,,,,,,,,,,,,,,,,,,,,,,,,
27050,,,,,,,,,,,,,,,,,,,,,,,,,
27073,,,,,,,,,,,,,,,,,,,,,,,,,
27075,,,,,,,,,,,,,,,,,,,,,,,,,
27077,,,,,,,,,,,,,,,,,,,,,,,,,
27086,,,,,,,,,,,,,,,,,,,,,,,,,
27099,,,,,,,,,,,,,,,,,,,,,,,,,
27135,,,,,,,,,,,,,,,,,,,,,,,,,
27150,,,,,,,,,,,,,,,,,,,,,,,,,
27160,,,,,,,,,,,,,,,,,,,,,,,,,
27205,,,,,,,,,,,,,,,,,,,,,,,,,
27245,,,,,,,,,,,,,,,,,,,,,,,,,
27250,,,,,,,,,,,,,,,,,,,,,,,,,
27361,,,,,,,,,,,,,,,,,,,,,,,,,
27372,,,,,,,,,,,,,,,,,,,,,,,,,
27413,,,,,,,,,,,,,,,,,,,,,,,,,
27425,,,,,,,,,,,,,,,,,,,,,,,,,
27430,,,,,,,,,,,,,,,,,,,,,,,,,
27450,,,,,,,,,,,,,,,,,,,,,,,,,
27491,,,,,,,,,,,,,,,,,,,,,,,,,
27495,,,,,,,,,,,,,,,,,,,,,,,,,
27580,,,,,,,,,,,,,,,,,,,,,,,,,
27600,,,,,,,,,,,,,,,,,,,,,,,,,
27615,,,,,,,,,,,,,,,,,,,,,,,,,
27660,,,,,,,,,,,,,,,,,,,,,,,,,
27745,,,,,,,,,,,,,,,,,,,,,,,,,
27787,,,,,,,,,,,,,,,,,,,,,,,,,
27800,,,,,,,,,,,,,,,,,,,,,,,,,
27810,,,,,,,,,,,,,,,,,,,,,,,,,
41001,,,,,,,,,,,Festival del Bambuco,2026-06-15,,,,,,,,,,,,,
41001,,,,,,,,,,,Desfile Nacional del Bambuco,2026-06-25,,,,,,,,,,,,,
41006,,,,,,,,,,,,,,,,,,,,,,,,,
41013,,,,,,,,,,,,,,,,,,,,,,,,,
41016,,,,,,,,,,,,,,,,,,,,,,,,,
41020,,,,,,,,,,,,,,,,,,,,,,,,,
41026,,,,,,,,,,,,,,,,,,,,,,,,,
41078,,,,,,,,,,,,,,,,,,,,,,,,,
41132,,,,,,,,,,,,,,,,,,,,,,,,,
41206,,,,,,,,,,,,,,,,,,,,,,,,,
41244,,,,,,,,,,,,,,,,,,,,,,,,,
41298,,,,,,,,,,,,,,,,,,,,,,,,,
41306,,,,,,,,,,,,,,,,,,,,,,,,,
41319,,,,,,,,,,,,,,,,,,,,,,,,,
41349,,,,,,,,,,,,,,,,,,,,,,,,,
41357,,,,,,,,,,,,,,,,,,,,,,,,,
41359,,,,,,,,,,,,,,,,,,,,,,,,,
41378,,,,,,,,,,,,,,,,,,,,,,,,,
41396,,,,,,,,,,,,,,,,,,,,,,,,,
41483,,,,,,,,,,,,,,,,,,,,,,,,,
41503,,,,,,,,,,,,,,,,,,,,,,,,,
41518,,,,,,,,,,,,,,,,,,,,,,,,,
41524,,,,,,,,,,,,,,,,,,,,,,,,,
41530,,,,,,,,,,,,,,,,,,,,,,,,,
41548,,,,,,,,,,,,,,,,,,,,,,,,,
41551,,,,,,,,,,,,,,,,,,,,,,,,,
41615,,,,,,,,,,,,,,,,,,,,,,,,,
41660,,,,,,,,,,,,,,,,,,,,,,,,,
41668,,,,,,,,,,,,,,,,,,,,,,,,,
41676,,,,,,,,,,,,,,,,,,,,,,,,,
41770,,,,,,,,,,,,,,,,,,,,,,,,,
41791,,,,,,,,,,,,,,,,,,,,,,,,,
41797,,,,,,,,,,,,,,,,,,,,,,,,,
41799,,,,,,,,,,,,,,,,,,,,,,,,,
41801,,,,,,,,,,,,,,,,,,,,,,,,,
41807,,,,,,,,,,,,,,,,,,,,,,,,,
41872,,,,,,,,,,,,,,,,,,,,,,,,,
41885,,,,,,,,,,,,,,,,,,,,,,,,,
44001,,,,,,,,,,,Fiestas de la Virgen de los Remedios,2026-09-08,,,,,,,,,,,,,
44035,,,,,,,,,,,Fiestas de la Virgen del Carmen,2026-07-16,,,,,,,,,,,,,
44078,,,,,,,,,,,Fiestas de San José,2026-03-19,,,,,,,,,,,,,
44090,,,,,,,,,,,Fiestas de San Antonio,2026-06-13,,,,,,,,,,,,,
44098,,,,,,,,,,,Fiestas de San Isidro Labrador,2026-05-15,,,,,,,,,,,,,
44110,,,,,,,,,,,Fiestas de San Lucas,2026-10-18,,,,,,,,,,,,,
44279,,,,,,,,,,,Fiestas de San Agustín,2026-08-28,,,,,,,,,,,,,
44378,,,,,,,,,,,Fiestas de San Antonio,2026-06-13,,,,,,,,,,,,,
44420,,,,,,,,,,,Fiestas de la Virgen del Carmen,2026-07-16,,,,,,,,,,,,,
44430,,,,,,,,,,,Fiestas de San José,2026-03-19,,,,,,,,,,,,,
44560,,,,,,,,,,,,,,,,,,,,,,,,,
44650,,,,,,,,,,,Fiestas de San Juan Bautista,2026-06-24,,,,,,,,,,,,,
44847,,,,,,,,,,,Fiestas de la Virgen del Carmen,2026-07-16,,,,,,,,,,,,,
44855,,,,,,,,,,,Fiestas de la Virgen del Carmen,2026-07-16,,,,,,,,,,,,,
44874,,,,,,,,,,,,,,,,,,,,,,,,,
47001,,,,,,,,,,,Fiestas del Mar,2026-07-25,,,,,,,,,,,,,
47030,,,,,,,,,,,Fiestas de San Pedro,2026-06-29,,,,,,,,,,,,,
47053,,,,,,,,,,,Fiestas de San José,2026-03-19,,,,,,,,,,,,,
47058,,,,,,,,,,,Fiestas de la Virgen del Carmen,2026-07-16,,,,,,,,,,,,,
47161,,,,,,,,,,,Fiestas de San Antonio,2026-06-13,,,,,,,,,,,,,
47170,,,,,,,,,,,Fiestas de San Pedro,2026-06-29,,,,,,,,,,,,,
47189,,,,,,,,,,,Fiestas del Caimán,2026-01-20,,,,,,,,,,,,,
47205,,,,,,,,,,,Fiestas de San Isidro Labrador,2026-05-15,,,,,,,,,,,,,
47245,,,,,,,,,,,Fiestas de la Virgen de la Candelaria,2026-02-02,,,,,,,,,,,,,
47258,,,,,,,,,,,Fiestas de San Antonio,2026-06-13,,,,,,,,,,,,,
47268,,,,,,,,,,,Fiestas de San Juan Bautista,2026-06-24,,,,,,,,,,,,,
47288,,,,,,,,,,,Fiestas de San Rafael,2026-10-24,,,,,,,,,,,,,
47318,,,,,,,,,,,Fiestas de San Pedro,2026-06-29,,,,,,,,,,,,,
47460,,,,,,,,,,,Fiestas de San Antonio,2026-06-13,,,,,,,,,,,,,
47541,,,,,,,,,,,,,,,,,,,,,,,,,
47545,,,,,,,,,,,,,,,,,,,,,,,,,
47551,,,,,,,,,,,Fiestas de San Antonio,2026-06-13,,,,,,,,,,,,,
47551,,,,,,,,,,,Fiestas del Mar,2026-07-20,,,,,,,,,,,,,
47555,,,,,,,,,,,Fiestas de la Virgen de la Candelaria,2026-02-02,,,,,,,,,,,,,
47570,,,,,,,,,,,,,,,,,,,,,,,,,
47605,,,,,,,,,,,Fiestas de San Antonio,2026-06-13,,,,,,,,,,,,,
47660,,,,,,,,,,,Fiestas de San Isidro Labrador,2026-05-15,,,,,,,,,,,,,
47675,,,,,,,,,,,Fiestas de San Pedro,2026-06-29,,,,,,,,,,,,,
47692,,,,,,,,,,,,,,,,,,,,,,,,,
47703,,,,,,,,,,,,,,,,,,,,,,,,,
47707,,,,,,,,,,,Fiestas de Santa Ana,2026-07-26,,,,,,,,,,,,,
47720,,,,,,,,,,,,,,,,,,,,,,,,,
47745,,,,,,,,,,,Fiestas del Río Magdalena,2026-08-10,,,,,,,,,,,,,
47798,,,,,,,,,,,Fiestas de San Sebastián,2026-01-20,,,,,,,,,,,,,
47960,,,,,,,,,,,Fiestas de San Antonio,2026-06-13,,,,,,,,,,,,,
47980,,,,,,,,,,,,,,,,,,,,,,,,,
50001,,,,,,,,,,,Torneo Internacional del Joropo,2026-06-25,,,,,,,,,,,,,
50006,,,,,,,,,,,Fiestas del Retorno,2026-01-03,,,,,,,,,,,,,
50110,,,,,,,,,,,Fiestas de San Isidro Labrador,2026-05-15,,,,,,,,,,,,,
50124,,,,,,,,,,,Fiestas de San Pedro,2026-06-29,,,,,,,,,,,,,
50150,,,,,,,,,,,Fiestas del Petróleo,2026-08-10,,,,,,,,,,,,,
50223,,,,,,,,,,,Fiestas de San Antonio,2026-06-13,,,,,,,,,,,,,
50226,,,,,,,,,,,Fiestas del Retorno,2026-12-26,,,,,,,,,,,,,
50245,,,,,,,,,,,Fiestas de San Isidro Labrador,2026-05-15,,,,,,,,,,,,,
50251,,,,,,,,,,,Fiestas de San Antonio,2026-06-13,,,,,,,,,,,,,
50270,,,,,,,,,,,Fiestas de San Pedro,2026-06-29,,,,,,,,,,,,,
50287,,,,,,,,,,,Fiestas de San Isidro Labrador,2026-05-15,,,,,,,,,,,,,
50313,,,,,,,,,,,Fiestas del Retorno,2026-12-26,,,,,,,,,,,,,
50318,,,,,,,,,,,Fiestas de San Antonio,2026-06-13,,,,,,,,,,,,,
50325,,,,,,,,,,,Fiestas de San Pedro,2026-06-29,,,,,,,,,,,,,
50330,,,,,,,,,,,Fiestas del Retorno,2026-12-26,,,,,,,,,,,,,
50350,,,,,,,,,,,Fiestas del Yarí,2026-08-10,,,,,,,,,,,,,
50370,,,,,,,,,,,Fiestas de San Isidro Labrador,2026-05-15,,,,,,,,,,,,,
50400,,,,,,,,,,,Fiestas de San Antonio,2026-06-13,,,,,,,,,,,,,
50450,,,,,,,,,,,Fiestas del Retorno,2026-12-26,,,,,,,,,,,,,
50568,,,,,,,,,,,Festival de Verano,2026-01-10,,,,,,,,,,,,,
50573,,,,,,,,,,,Festival del Canoero,2026-08-15,,,,,,,,,,,,,
50577,,,,,,,,,,,Fiestas de San Pedro,2026-06-29,,,,,,,,,,,,,
50590,,,,,,,,,,,Fiestas de San Isidro Labrador,2026-05-15,,,,,,,,,,,,,
50606,,,,,,,,,,,Fiestas de San Antonio,2026-06-13,,,,,,,,,,,,,
50680,,,,,,,,,,,Fiestas de San Pedro,2026-06-29,,,,,,,,,,,,,
50683,,,,,,,,,,,Fiestas de San Juan Bautista,2026-06-24,,,,,,,,,,,,,
50686,,,,,,,,,,,Fiestas de San Isidro Labrador,2026-05-15,,,,,,,,,,,,,
50689,,,,,,,,,,,Festival Internacional Folclórico y Turístico del Llano,2026-11-10,,,,,,,,,,,,,
50711,,,,,,,,,,,Fiestas del Retorno,2026-12-26,,,,,,,,,,,,,
52001,,,,,,,,,,,,,,,,,,,,,,,,,
52019,,,,,,,,,,,,,,,,,,,,,,,,,
52022,,,,,,,,,,,,,,,,,,,,,,,,,
52036,,,,,,,,,,,,,,,,,,,,,,,,,
52051,,,,,,,,,,,,,,,,,,,,,,,,,
52079,,,,,,,,,,,,,,,,,,,,,,,,,
52083,,,,,,,,,,,,,,,,,,,,,,,,,
52110,,,,,,,,,,,,,,,,,,,,,,,,,
52203,,,,,,,,,,,,,,,,,,,,,,,,,
52207,,,,,,,,,,,,,,,,,,,,,,,,,
52210,,,,,,,,,,,,,,,,,,,,,,,,,
52215,,,,,,,,,,,,,,,,,,,,,,,,,
52224,,,,,,,,,,,,,,,,,,,,,,,,,
52227,,,,,,,,,,,,,,,,,,,,,,,,,
52233,,,,,,,,,,,,,,,,,,,,,,,,,
52240,,,,,,,,,,,,,,,,,,,,,,,,,
52250,,,,,,,,,,,,,,,,,,,,,,,,,
52254,,,,,,,,,,,,,,,,,,,,,,,,,
52256,,,,,,,,,,,,,,,,,,,,,,,,,
52258,,,,,,,,,,,,,,,,,,,,,,,,,
52260,,,,,,,,,,,,,,,,,,,,,,,,,
52287,,,,,,,,,,,,,,,,,,,,,,,,,
52317,,,,,,,,,,,,,,,,,,,,,,,,,
52320,,,,,,,,,,,,,,,,,,,,,,,,,
52323,,,,,,,,,,,,,,,,,,,,,,,,,
52352,,,,,,,,,,,,,,,,,,,,,,,,,
52354,,,,,,,,,,,,,,,,,,,,,,,,,
52356,,,,,,,,,,,,,,,,,,,,,,,,,
52378,,,,,,,,,,,,,,,,,,,,,,,,,
52381,,,,,,,,,,,,,,,,,,,,,,,,,
52385,,,,,,,,,,,,,,,,,,,,,,,,,
52390,,,,,,,,,,,,,,,,,,,,,,,,,
52399,,,,,,,,,,,,,,,,,,,,,,,,,
52405,,,,,,,,,,,,,,,,,,,,,,,,,
52411,,,,,,,,,,,,,,,,,,,,,,,,,
52418,,,,,,,,,,,,,,,,,,,,,,,,,
52427,,,,,,,,,,,,,,,,,,,,,,,,,
52435,,,,,,,,,,,,,,,,,,,,,,,,,
52473,,,,,,,,,,,,,,,,,,,,,,,,,
52480,,,,,,,,,,,,,,,,,,,,,,,,,
52490,,,,,,,,,,,,,,,,,,,,,,,,,
52506,,,,,,,,,,,,,,,,,,,,,,,,,
52520,,,,,,,,,,,,,,,,,,,,,,,,,
52540,,,,,,,,,,,,,,,,,,,,,,,,,
52560,,,,,,,,,,,,,,,,,,,,,,,,,
52565,,,,,,,,,,,,,,,,,,,,,,,,,
52573,,,,,,,,,,,,,,,,,,,,,,,,,
52585,,,,,,,,,,,,,,,,,,,,,,,,,
52612,,,,,,,,,,,,,,,,,,,,,,,,,
52621,,,,,,,,,,,,,,,,,,,,,,,,,
52678,,,,,,,,,,,,,,,,,,,,,,,,,
52683,,,,,,,,,,,,,,,,,,,,,,,,,
52685,,,,,,,,,,,,,,,,,,,,,,,,,
52687,,,,,,,,,,,,,,,,,,,,,,,,,
52693,,,,,,,,,,,,,,,,,,,,,,,,,
52694,,,,,,,,,,,,,,,,,,,,,,,,,
52696,,,,,,,,,,,,,,,,,,,,,,,,,
52699,,,,,,,,,,,,,,,,,,,,,,,,,
52720,,,,,,,,,,,,,,,,,,,,,,,,,
52786,,,,,,,,,,,,,,,,,,,,,,,,,
52788,,,,,,,,,,,,,,,,,,,,,,,,,
52835,,,,,,,,,,,,,,,,,,,,,,,,,
52838,,,,,,,,,,,,,,,,,,,,,,,,,
52885,,,,,,,,,,,,,,,,,,,,,,,,,
54001,,,,,,,,,,,Feria de Cúcuta,2026-07-15,,,,,,,,,,,,,
54003,,,,,,,,,,,Fiestas de San José,2026-03-19,,,,,,,,,,,,,
54051,,,,,,,,,,,Fiestas de la Virgen del Carmen,2026-07-16,,,,,,,,,,,,,
54099,,,,,,,,,,,Fiestas de San Antonio,2026-06-13,,,,,,,,,,,,,
54109,,,,,,,,,,,Fiestas de San Juan Bautista,2026-06-24,,,,,,,,,,,,,
54125,,,,,,,,,,,Fiestas de San Pedro,2026-06-29,,,,,,,,,,,,,
54128,,,,,,,,,,,Fiestas de la Virgen del Carmen,2026-07-16,,,,,,,,,,,,,
54172,,,,,,,,,,,Fiestas del Retorno,2026-12-26,,,,,,,,,,,,,
54174,,,,,,,,,,,Fiestas de San Isidro Labrador,2026-05-15,,,,,,,,,,,,,
54206,,,,,,,,,,,Fiestas de San José,2026-03-19,,,,,,,,,,,,,
54223,,,,,,,,,,,Fiestas de San Pedro,2026-06-29,,,,,,,,,,,,,
54239,,,,,,,,,,,Fiestas de San Antonio,2026-06-13,,,,,,,,,,,,,
54245,,,,,,,,,,,Fiestas de la Virgen del Carmen,2026-07-16,,,,,,,,,,,,,
54250,,,,,,,,,,,Fiestas de San Antonio,2026-06-13,,,,,,,,,,,,,
54261,,,,,,,,,,,Fiestas del Retorno,2026-12-27,,,,,,,,,,,,,
54313,,,,,,,,,,,Fiestas de San Rafael,2026-10-24,,,,,,,,,,,,,
54344,,,,,,,,,,,Fiestas de San Antonio,2026-06-13,,,,,,,,,,,,,
54347,,,,,,,,,,,Fiestas de San Isidro Labrador,2026-05-15,,,,,,,,,,,,,
54377,,,,,,,,,,,Fiestas de San Antonio,2026-06-13,,,,,,,,,,,,,
54385,,,,,,,,,,,Fiestas de la Virgen del Carmen,2026-07-16,,,,,,,,,,,,,
54398,,,,,,,,,,,Fiestas de San José,2026-03-19,,,,,,,,,,,,,
54405,,,,,,,,,,,Fiestas de San Pablo,2026-06-29,,,,,,,,,,,,,
54418,,,,,,,,,,,Fiestas de Nuestra Señora de Lourdes,2026-02-11,,,,,,,,,,,,,
54480,,,,,,,,,,,Fiestas de San Antonio,2026-06-13,,,,,,,,,,,,,
54498,,,,,,,,,,,Fiestas de la Virgen de Torcoroma,2026-08-15,,,,,,,,,,,,,
54518,,,,,,,,,,,Fiestas de San Pedro y San Pablo,2026-06-29,,,,,,,,,,,,,
54520,,,,,,,,,,,Fiestas de San Pedro,2026-06-29,,,,,,,,,,,,,
54553,,,,,,,,,,,Fiestas de San Antonio,2026-06-13,,,,,,,,,,,,,
54599,,,,,,,,,,,Fiestas de San Antonio,2026-06-13,,,,,,,,,,,,,
54660,,,,,,,,,,,Fiestas de San Pablo,2026-06-29,,,,,,,,,,,,,
54670,,,,,,,,,,,Fiestas de San Calixto,2026-10-14,,,,,,,,,,,,,
54673,,,,,,,,,,,Fiestas de San Cayetano,2026-08-07,,,,,,,,,,,,,
54680,,,,,,,,,,,Fiestas de Santiago Apóstol,2026-07-25,,,,,,,,,,,,,
54720,,,,,,,,,,,Fiestas de San Martín de Porres,2026-11-03,,,,,,,,,,,,,
54743,,,,,,,,,,,Fiestas de San Isidro Labrador,2026-05-15,,,,,,,,,,,,,
54800,,,,,,,,,,,Fiestas de San Antonio,2026-06-13,,,,,,,,,,,,,
54810,,,,,,,,,,,Fiestas del Petróleo,2026-08-10,,,,,,,,,,,,,
54820,,,,,,,,,,,Fiestas de San Antonio,2026-06-13,,,,,,,,,,,,,
54871,,,,,,,,,,,Fiestas de San Pedro,2026-06-29,,,,,,,,,,,,,
54874,,,,,,,,,,,Fiestas de la Virgen del Rosario,2026-10-07,,,,,,,,,,,,,
63001,,,,,,,,,,,Fiestas Aniversarias de Armenia,2026-10-14,,,,,,,,,,,,,
63001,,,,,,,,,,,Reinado Departamental del Café,2026-10-16,,,,,,,,,,,,,
63111,,,,,,,,,,,,,,,,,,,,,,,,,
63130,,,,,,,,,,,,,,,,,,,,,,,,,
63190,,,,,,,,,,,,,,,,,,,,,,,,,
63212,,,,,,,,,,,,,,,,,,,,,,,,,
63272,,,,,,,,,,,,,,,,,,,,,,,,,
63302,,,,,,,,,,,,,,,,,,,,,,,,,
63401,,,,,,,,,,,,,,,,,,,,,,,,,
63470,,,,,,,,,,,,,,,,,,,,,,,,,
63548,,,,,,,,,,,,,,,,,,,,,,,,,
63594,,,,,,,,,,,,,,,,,,,,,,,,,
63690,,,,,,,,,,,,,,,,,,,,,,,,,
66001,,,,,,,,,,,Fiestas de la Cosecha,2026-08-15,,,,,,,,,,,,,
66001,,,,,,,,,,,Desfile de Jeep Willys,2026-08-20,,,,,,,,,,,,,
66045,,,,,,,,,,,,,,,,,,,,,,,,,
66075,,,,,,,,,,,,,,,,,,,,,,,,,
66088,,,,,,,,,,,,,,,,,,,,,,,,,
66170,,,,,,,,,,,,,,,,,,,,,,,,,
66318,,,,,,,,,,,,,,,,,,,,,,,,,
66383,,,,,,,,,,,,,,,,,,,,,,,,,
66400,,,,,,,,,,,,,,,,,,,,,,,,,
66440,,,,,,,,,,,,,,,,,,,,,,,,,
66456,,,,,,,,,,,,,,,,,,,,,,,,,
66572,,,,,,,,,,,,,,,,,,,,,,,,,
66594,,,,,,,,,,,,,,,,,,,,,,,,,
66682,,,,,,,,,,,,,,,,,,,,,,,,,
66687,,,,,,,,,,,,,,,,,,,,,,,,,
68001,,,,,,,,,,,Feria Bonita,2026-09-10,,,,,,,,,,,,,
68001,,,,,,,,,,,Festival de Colonias,2026-09-12,,,,,,,,,,,,,
68013,,,,,,,,,,,Fiestas de San Antonio,2026-06-13,,,,,,,,,,,,,
68020,,,,,,,,,,,Fiestas de San Isidro Labrador,2026-05-15,,,,,,,,,,,,,
68051,,,,,,,,,,,Fiestas de San Isidro Labrador,2026-05-15,,,,,,,,,,,,,
68077,,,,,,,,,,,Fiestas de la Virgen del Carmen,2026-07-16,,,,,,,,,,,,,
68079,,,,,,,,,,,Fiestas de la Virgen del Carmen,2026-07-16,,,,,,,,,,,,,
68081,,,,,,,,,,,Fiestas del Petróleo,2026-08-10,,,,,,,,,,,,,
68092,,,,,,,,,,,Fiestas de San Isidro Labrador,2026-05-15,,,,,,,,,,,,,
68101,,,,,,,,,,,Fiestas de San Antonio,2026-06-13,,,,,,,,,,,,,
68121,,,,,,,,,,,Fiestas de San Pedro,2026-06-29,,,,,,,,,,,,,
68132,,,,,,,,,,,Fiestas de la Virgen del Carmen,2026-07-16,,,,,,,,,,,,,
68147,,,,,,,,,,,Fiestas de San Antonio,2026-06-13,,,,,,,,,,,,,
68152,,,,,,,,,,,Fiestas de San Isidro Labrador,2026-05-15,,,,,,,,,,,,,
68160,,,,,,,,,,,Fiestas de San Pedro,2026-06-29,,,,,,,,,,,,,
68162,,,,,,,,,,,Fiestas de San Isidro Labrador,2026-05-15,,,,,,,,,,,,,
68167,,,,,,,,,,,Fiestas de San Antonio,2026-06-13,,,,,,,,,,,,,
68169,,,,,,,,,,,Fiestas de la Virgen del Carmen,2026-07-16,,,,,,,,,,,,,
68176,,,,,,,,,,,Fiestas de San Isidro Labrador,2026-05-15,,,,,,,,,,,,,
68179,,,,,,,,,,,Fiestas de San Antonio,2026-06-13,,,,,,,,,,,,,
68190,,,,,,,,,,,Fiestas del Retorno,2026-12-26,,,,,,,,,,,,,
68207,,,,,,,,,,,Fiestas de San Antonio,2026-06-13,,,,,,,,,,,,,
68209,,,,,,,,,,,Fiestas de San Antonio,2026-06-13,,,,,,,,,,,,,
68211,,,,,,,,,,,Fiestas de San Antonio,2026-06-13,,,,,,,,,,,,,
68217,,,,,,,,,,,Fiestas de San Isidro Labrador,2026-05-15,,,,,,,,,,,,,
68229,,,,,,,,,,,Fiestas de la Virgen del Carmen,2026-07-16,,,,,,,,,,,,,
68235,,,,,,,,,,,Fiestas del Retorno,2026-12-26,,,,,,,,,,,,,
68245,,,,,,,,,,,Fiestas de San Isidro Labrador,2026-05-15,,,,,,,,,,,,,
68250,,,,,,,,,,,Fiestas de San Isidro Labrador,2026-05-15,,,,,,,,,,,,,
68255,,,,,,,,,,,Fiestas de San Antonio,2026-06-13,,,,,,,,,,,,,
68264,,,,,,,,,,,Fiestas de San Isidro Labrador,2026-05-15,,,,,,,,,,,,,
68266,,,,,,,,,,,Fiestas de San Antonio,2026-06-13,,,,,,,,,,,,,
68271,,,,,,,,,,,Fiestas de San Antonio,2026-06-13,,,,,,,,,,,,,
68276,,,,,,,,,,,Fiestas de San Juan,2026-06-24,,,,,,,,,,,,,
68296,,,,,,,,,,,,,,,,,,,,,,,,,
68298,,,,,,,,,,,Fiestas de San Isidro Labrador,2026-05-15,,,,,,,,,,,,,
68307,,,,,,,,,,,Fiestas de San Juan Bautista,2026-06-24,,,,,,,,,,,,,
68318,,,,,,,,,,,Fiestas de San Antonio,2026-06-13,,,,,,,,,,,,,
68320,,,,,,,,,,,,,,,,,,,,,,,,,
68322,,,,,,,,,,,Fiestas de San Antonio,2026-06-13,,,,,,,,,,,,,
68324,,,,,,,,,,,Fiestas de San Isidro Labrador,2026-05-15,,,,,,,,,,,,,
68327,,,,,,,,,,,Fiestas de San Isidro Labrador,2026-05-15,,,,,,,,,,,,,
68344,,,,,,,,,,,Fiestas de San Antonio,2026-06-13,,,,,,,,,,,,,
68368,,,,,,,,,,,,,,,,,,,,,,,,,
68370,,,,,,,,,,,Fiestas de San Isidro Labrador,2026-05-15,,,,,,,,,,,,,
68377,,,,,,,,,,,Fiestas de San Isidro Labrador,2026-05-15,,,,,,,,,,,,,
68385,,,,,,,,,,,Fiestas del Retorno,2026-12-26,,,,,,,,,,,,,
68397,,,,,,,,,,,Fiestas de San Pedro,2026-06-29,,,,,,,,,,,,,
68406,,,,,,,,,,,Fiestas de la Virgen del Carmen,2026-07-16,,,,,,,,,,,,,
68418,,,,,,,,,,,Fiestas de San Isidro Labrador,2026-05-15,,,,,,,,,,,,,
68425,,,,,,,,,,,,,,,,,,,,,,,,,
68432,,,,,,,,,,,Fiestas de San Jerónimo,2026-09-30,,,,,,,,,,,,,
68444,,,,,,,,,,,Fiestas de San Antonio,2026-06-13,,,,,,,,,,,,,
68464,,,,,,,,,,,Fiestas de San Pedro,2026-06-29,,,,,,,,,,,,,
68468,,,,,,,,,,,Fiestas de San Antonio,2026-06-13,,,,,,,,,,,,,
68498,,,,,,,,,,,,,,,,,,,,,,,,,
68500,,,,,,,,,,,,,,,,,,,,,,,,,
68502,,,,,,,,,,,,,,,,,,,,,,,,,
68522,,,,,,,,,,,,,,,,,,,,,,,,,
68524,,,,,,,,,,,,,,,,,,,,,,,,,
68533,,,,,,,,,,,,,,,,,,,,,,,,,
68547,,,,,,,,,,,,,,,,,,,,,,,,,
68549,,,,,,,,,,,,,,,,,,,,,,,,,
68572,,,,,,,,,,,,,,,,,,,,,,,,,
68573,,,,,,,,,,,,,,,,,,,,,,,,,
68575,,,,,,,,,,,,,,,,,,,,,,,,,
68615,,,,,,,,,,,,,,,,,,,,,,,,,
68655,,,,,,,,,,,,,,,,,,,,,,,,,
68669,,,,,,,,,,,,,,,,,,,,,,,,,
68673,,,,,,,,,,,,,,,,,,,,,,,,,
68679,,,,,,,,,,,,,,,,,,,,,,,,,
68682,,,,,,,,,,,,,,,,,,,,,,,,,
68684,,,,,,,,,,,,,,,,,,,,,,,,,
68686,,,,,,,,,,,,,,,,,,,,,,,,,
68689,,,,,,,,,,,,,,,,,,,,,,,,,
68705,,,,,,,,,,,,,,,,,,,,,,,,,
68720,,,,,,,,,,,,,,,,,,,,,,,,,
68745,,,,,,,,,,,,,,,,,,,,,,,,,
68755,,,,,,,,,,,,,,,,,,,,,,,,,
68770,,,,,,,,,,,,,,,,,,,,,,,,,
68773,,,,,,,,,,,,,,,,,,,,,,,,,
68780,,,,,,,,,,,,,,,,,,,,,,,,,
68820,,,,,,,,,,,,,,,,,,,,,,,,,
68855,,,,,,,,,,,,,,,,,,,,,,,,,
68861,,,,,,,,,,,,,,,,,,,,,,,,,
68867,,,,,,,,,,,,,,,,,,,,,,,,,
68872,,,,,,,,,,,,,,,,,,,,,,,,,
68895,,,,,,,,,,,,,,,,,,,,,,,,,
70001,,,,,,,,,,,,,,,,,,,,,,,,,
70110,,,,,,,,,,,,,,,,,,,,,,,,,
70124,,,,,,,,,,,,,,,,,,,,,,,,,
70204,,,,,,,,,,,,,,,,,,,,,,,,,
70215,,,,,,,,,,,,,,,,,,,,,,,,,
70221,,,,,,,,,,,,,,,,,,,,,,,,,
70230,,,,,,,,,,,,,,,,,,,,,,,,,
70233,,,,,,,,,,,,,,,,,,,,,,,,,
70235,,,,,,,,,,,,,,,,,,,,,,,,,
70265,,,,,,,,,,,,,,,,,,,,,,,,,
70400,,,,,,,,,,,,,,,,,,,,,,,,,
70418,,,,,,,,,,,,,,,,,,,,,,,,,
70429,,,,,,,,,,,,,,,,,,,,,,,,,
70473,,,,,,,,,,,,,,,,,,,,,,,,,
70508,,,,,,,,,,,,,,,,,,,,,,,,,
70523,,,,,,,,,,,,,,,,,,,,,,,,,
70670,,,,,,,,,,,,,,,,,,,,,,,,,
70678,,,,,,,,,,,,,,,,,,,,,,,,,
70702,,,,,,,,,,,,,,,,,,,,,,,,,
70708,,,,,,,,,,,,,,,,,,,,,,,,,
70713,,,,,,,,,,,,,,,,,,,,,,,,,
70717,,,,,,,,,,,,,,,,,,,,,,,,,
70742,,,,,,,,,,,,,,,,,,,,,,,,,
70771,,,,,,,,,,,,,,,,,,,,,,,,,
70820,,,,,,,,,,,,,,,,,,,,,,,,,
70823,,,,,,,,,,,,,,,,,,,,,,,,,
73001,,,,,,,,,,,Festival Folclórico Colombiano,2026-06-20,,,,,,,,,,,,,
73001,,,,,,,,,,,Reinado Nacional del Folclor,2026-06-24,,,,,,,,,,,,,
73024,,,,,,,,,,,,,,,,,,,,,,,,,
73026,,,,,,,,,,,,,,,,,,,,,,,,,
73030,,,,,,,,,,,,,,,,,,,,,,,,,
73043,,,,,,,,,,,,,,,,,,,,,,,,,
73055,,,,,,,,,,,,,,,,,,,,,,,,,
73067,,,,,,,,,,,,,,,,,,,,,,,,,
73124,,,,,,,,,,,,,,,,,,,,,,,,,
73148,,,,,,,,,,,,,,,,,,,,,,,,,
73152,,,,,,,,,,,,,,,,,,,,,,,,,
73168,,,,,,,,,,,,,,,,,,,,,,,,,
73200,,,,,,,,,,,,,,,,,,,,,,,,,
73217,,,,,,,,,,,,,,,,,,,,,,,,,
73226,,,,,,,,,,,,,,,,,,,,,,,,,
73236,,,,,,,,,,,,,,,,,,,,,,,,,
73268,,,,,,,,,,,,,,,,,,,,,,,,,
73270,,,,,,,,,,,,,,,,,,,,,,,,,
73275,,,,,,,,,,,,,,,,,,,,,,,,,
73283,,,,,,,,,,,,,,,,,,,,,,,,,
73319,,,,,,,,,,,,,,,,,,,,,,,,,
73347,,,,,,,,,,,,,,,,,,,,,,,,,
73349,,,,,,,,,,,,,,,,,,,,,,,,,
73352,,,,,,,,,,,,,,,,,,,,,,,,,
73408,,,,,,,,,,,,,,,,,,,,,,,,,
73411,,,,,,,,,,,,,,,,,,,,,,,,,
73443,,,,,,,,,,,,,,,,,,,,,,,,,
73449,,,,,,,,,,,,,,,,,,,,,,,,,
73461,,,,,,,,,,,,,,,,,,,,,,,,,
73483,,,,,,,,,,,,,,,,,,,,,,,,,
73504,,,,,,,,,,,,,,,,,,,,,,,,,
73520,,,,,,,,,,,,,,,,,,,,,,,,,
73547,,,,,,,,,,,,,,,,,,,,,,,,,
73555,,,,,,,,,,,,,,,,,,,,,,,,,
73563,,,,,,,,,,,,,,,,,,,,,,,,,
73585,,,,,,,,,,,,,,,,,,,,,,,,,
73616,,,,,,,,,,,,,,,,,,,,,,,,,
73622,,,,,,,,,,,,,,,,,,,,,,,,,
73624,,,,,,,,,,,,,,,,,,,,,,,,,
73671,,,,,,,,,,,,,,,,,,,,,,,,,
73675,,,,,,,,,,,,,,,,,,,,,,,,,
73678,,,,,,,,,,,,,,,,,,,,,,,,,
73686,,,,,,,,,,,,,,,,,,,,,,,,,
73770,,,,,,,,,,,,,,,,,,,,,,,,,
73854,,,,,,,,,,,,,,,,,,,,,,,,,
73861,,,,,,,,,,,,,,,,,,,,,,,,,
73870,,,,,,,,,,,,,,,,,,,,,,,,,
73873,,,,,,,,,,,,,,,,,,,,,,,,,
76001,,,,,,,,,,,Feria de Cali,2026-12-25,,,,,,,,,,,,,
76020,,,,,,,,,,,Fiestas de San Pedro,2026-06-29,,,,,,,,,,,,,
76036,,,,,,,,,,,Fiestas de la Virgen del Carmen,2026-07-16,,,,,,,,,,,,,
76041,,,,,,,,,,,Fiestas de San Isidro Labrador,2026-05-15,,,,,,,,,,,,,
76054,,,,,,,,,,,Fiestas de San Antonio,2026-06-13,,,,,,,,,,,,,
76100,,,,,,,,,,,Fiestas de San Pedro,2026-06-29,,,,,,,,,,,,,
76109,,,,,,,,,,,Fiestas de San Buenaventura,2026-07-14,,,,,,,,,,,,,
76111,,,,,,,,,,,,,,,,,,,,,,,,,
76113,,,,,,,,,,,Fiestas de la Virgen del Carmen,2026-07-16,,,,,,,,,,,,,
76122,,,,,,,,,,,Fiestas de San Isidro Labrador,2026-05-15,,,,,,,,,,,,,
76126,,,,,,,,,,,Fiestas del Lago Calima,2026-08-10,,,,,,,,,,,,,
76130,,,,,,,,,,,Fiestas de la Virgen de la Candelaria,2026-02-02,,,,,,,,,,,,,
76147,,,,,,,,,,,Fiestas de San Jorge,2026-04-23,,,,,,,,,,,,,
76233,,,,,,,,,,,Fiestas del Retorno,2026-12-26,,,,,,,,,,,,,
76243,,,,,,,,,,,Fiestas de San Antonio,2026-06-13,,,,,,,,,,,,,
76246,,,,,,,,,,,Fiestas de San Isidro Labrador,2026-05-15,,,,,,,,,,,,,
76248,,,,,,,,,,,Fiestas de la Virgen del Carmen,2026-07-16,,,,,,,,,,,,,
76250,,,,,,,,,,,Fiestas de San Isidro Labrador,2026-05-15,,,,,,,,,,,,,
76275,,,,,,,,,,,Fiestas de San Pedro,2026-06-29,,,,,,,,,,,,,
76306,,,,,,,,,,,Festival Mono Núñez,2026-05-28,,,,,,,,,,,,,
76318,,,,,,,,,,,Fiestas de San Juan Bautista,2026-06-24,,,,,,,,,,,,,
76364,,,,,,,,,,,Fiestas del Retorno,2026-12-26,,,,,,,,,,,,,
76377,,,,,,,,,,,Fiestas del Retorno,2026-12-26,,,,,,,,,,,,,
76400,,,,,,,,,,,Fiestas de la Uva,2026-06-20,,,,,,,,,,,,,
76403,,,,,,,,,,,Fiestas de San Isidro Labrador,2026-05-15,,,,,,,,,,,,,
76497,,,,,,,,,,,Fiestas de San Antonio,2026-06-13,,,,,,,,,,,,,
76520,,,,,,,,,,,Fiestas de la Agricultura,2026-08-15,,,,,,,,,,,,,
76563,,,,,,,,,,,Fiestas de San Pedro,2026-06-29,,,,,,,,,,,,,
76606,,,,,,,,,,,Fiestas del Turismo,2026-08-10,,,,,,,,,,,,,
76616,,,,,,,,,,,Fiestas de San Isidro Labrador,2026-05-15,,,,,,,,,,,,,
76622,,,,,,,,,,,Festival de Cometas,2026-08-15,,,,,,,,,,,,,
76670,,,,,,,,,,,Fiestas de San Pedro,2026-06-29,,,,,,,,,,,,,
76736,,,,,,,,,,,Fiestas de la Virgen del Carmen,2026-07-16,,,,,,,,,,,,,
76823,,,,,,,,,,,Fiestas de San Antonio,2026-06-13,,,,,,,,,,,,,
76828,,,,,,,,,,,Fiestas de San Isidro Labrador,2026-05-15,,,,,,,,,,,,,
76834,,,,,,,,,,,Feria de Tuluá,2026-06-20,,,,,,,,,,,,,
76845,,,,,,,,,,,Fiestas de San Antonio,2026-06-13,,,,,,,,,,,,,
76863,,,,,,,,,,,Fiestas de la Virgen del Carmen,2026-07-16,,,,,,,,,,,,,
76869,,,,,,,,,,,Fiestas de San Pedro,2026-06-29,,,,,,,,,,,,,
76890,,,,,,,,,,,Fiestas del Retorno,2026-12-26,,,,,,,,,,,,,
76892,,,,,,,,,,,Fiestas de San Antonio,2026-06-13,,,,,,,,,,,,,
76895,,,,,,,,,,,Fiestas de la Caña,2026-08-10,,,,,,,,,,,,,
81001,,,,,,,,,,,,,,,,,,,,,,,,,
81065,,,,,,,,,,,,,,,,,,,,,,,,,
81220,,,,,,,,,,,,,,,,,,,,,,,,,
81300,,,,,,,,,,,,,,,,,,,,,,,,,
81591,,,,,,,,,,,,,,,,,,,,,,,,,
81736,,,,,,,,,,,,,,,,,,,,,,,,,
81794,,,,,,,,,,,,,,,,,,,,,,,,,
85001,,,,,,,,,,,Fiestas de San Pedro,2026-06-29,,,,,,,,,,,,,
85010,,,,,,,,,,,Fiestas del Agua,2026-01-15,,,,,,,,,,,,,
85015,,,,,,,,,,,Fiestas de San Juan Bautista,2026-06-24,,,,,,,,,,,,,
85125,,,,,,,,,,,Fiestas de San Isidro Labrador,2026-05-15,,,,,,,,,,,,,
85136,,,,,,,,,,,Fiestas de San Antonio,2026-06-13,,,,,,,,,,,,,
85139,,,,,,,,,,,Fiestas de San Pedro,2026-06-29,,,,,,,,,,,,,
85162,,,,,,,,,,,Fiestas de la Virgen del Carmen,2026-07-16,,,,,,,,,,,,,
85225,,,,,,,,,,,Fiestas de San Isidro Labrador,2026-05-15,,,,,,,,,,,,,
85230,,,,,,,,,,,Fiestas de San Antonio,2026-06-13,,,,,,,,,,,,,
85250,,,,,,,,,,,Fiestas de San Juan Bautista,2026-06-24,,,,,,,,,,,,,
85263,,,,,,,,,,,Fiestas de San Pedro,2026-06-29,,,,,,,,,,,,,
85279,,,,,,,,,,,Fiestas de San Isidro Labrador,2026-05-15,,,,,,,,,,,,,
85300,,,,,,,,,,,Fiestas de San Antonio,2026-06-13,,,,,,,,,,,,,
85315,,,,,,,,,,,Fiestas de San Isidro Labrador,2026-05-15,,,,,,,,,,,,,
85325,,,,,,,,,,,Fiestas de San Pedro,2026-06-29,,,,,,,,,,,,,
85400,,,,,,,,,,,Fiestas de San Antonio,2026-06-13,,,,,,,,,,,,,
85410,,,,,,,,,,,Fiestas de la Virgen del Carmen,2026-07-16,,,,,,,,,,,,,
85430,,,,,,,,,,,Fiestas de San Isidro Labrador,2026-05-15,,,,,,,,,,,,,
85440,,,,,,,,,,,Fiestas de San Pedro,2026-06-29,,,,,,,,,,,,,
86001,,,,,,,,,,,,,,,,,,,,,,,,,
86219,,,,,,,,,,,,,,,,,,,,,,,,,
86320,,,,,,,,,,,,,,,,,,,,,,,,,
86568,,,,,,,,,,,,,,,,,,,,,,,,,
86569,,,,,,,,,,,,,,,,,,,,,,,,,
86571,,,,,,,,,,,,,,,,,,,,,,,,,
86573,,,,,,,,,,,,,,,,,,,,,,,,,
86749,,,,,,,,,,,,,,,,,,,,,,,,,
86755,,,,,,,,,,,,,,,,,,,,,,,,,
86757,,,,,,,,,,,,,,,,,,,,,,,,,
86760,,,,,,,,,,,,,,,,,,,,,,,,,
86865,,,,,,,,,,,,,,,,,,,,,,,,,
86885,,,,,,,,,,,,,,,,,,,,,,,,,
88001,,,,,,,,,,,Festival del Cangrejo,2026-01-01,,,,,,,,,,,,,
88001,,,,,,,,,,,Elección de la Reina del Coco,2026-01-05,,,,,,,,,,,,,
88564,,,,,,,,,,,,,,,,,,,,,,,,,
91001,,,,,,,,,,,Fiesta de la Confraternidad Amazónica,2026-07-15,,,,,,,,,,,,,
91263,,,,,,,,,,,Fiestas de San Antonio,2026-06-13,,,,,,,,,,,,,
91405,,,,,,,,,,,Fiestas de San Juan Bautista,2026-06-24,,,,,,,,,,,,,
91407,,,,,,,,,,,Fiestas de San Pedro,2026-06-29,,,,,,,,,,,,,
91430,,,,,,,,,,,Fiestas de San Isidro Labrador,2026-05-15,,,,,,,,,,,,,
91460,,,,,,,,,,,Fiestas de San Antonio,2026-06-13,,,,,,,,,,,,,
91530,,,,,,,,,,,Fiestas de San Isidro Labrador,2026-05-15,,,,,,,,,,,,,
91536,,,,,,,,,,,Fiestas de San Pedro,2026-06-29,,,,,,,,,,,,,
91540,,,,,,,,,,,Fiestas de San Juan Bautista,2026-06-24,,,,,,,,,,,,,
91669,,,,,,,,,,,Fiestas de San Antonio,2026-06-13,,,,,,,,,,,,,
91798,,,,,,,,,,,Fiestas de San Pedro,2026-06-29,,,,,,,,,,,,,
94001,,,,,,,,,,,,,,,,,,,,,,,,,
94343,,,,,,,,,,,,,,,,,,,,,,,,,
94663,,,,,,,,,,,,,,,,,,,,,,,,,
94883,,,,,,,,,,,,,,,,,,,,,,,,,
94884,,,,,,,,,,,,,,,,,,,,,,,,,
94885,,,,,,,,,,,,,,,,,,,,,,,,,
94886,,,,,,,,,,,,,,,,,,,,,,,,,
94887,,,,,,,,,,,,,,,,,,,,,,,,,
94888,,,,,,,,,,,,,,,,,,,,,,,,,
95001,,,,,,,,,,,Fiestas de la Amazonía,2026-08-10,,,,,,,,,,,,,
95015,,,,,,,,,,,Fiestas de San Isidro Labrador,2026-05-15,,,,,,,,,,,,,
95025,,,,,,,,,,,Fiestas del Retorno,2026-12-26,,,,,,,,,,,,,
95200,,,,,,,,,,,Fiestas de San Antonio,2026-06-13,,,,,,,,,,,,,
97001,,,,,,,,,,,Fiestas de San Pablo,2026-06-29,,,,,,,,,,,,,
97161,,,,,,,,,,,Fiestas de San Antonio,2026-06-13,,,,,,,,,,,,,
97511,,,,,,,,,,,Fiestas de San Isidro Labrador,2026-05-15,,,,,,,,,,,,,
97666,,,,,,,,,,,Fiestas de San Pedro,2026-06-29,,,,,,,,,,,,,
97777,,,,,,,,,,,,,,,,,,,,,,,,,
97889,,,,,,,,,,,Fiestas de San Juan Bautista,2026-06-24,,,,,,,,,,,,,
99001,,,,,,,,,,,Fiestas del Orinoco,2026-08-15,,,,,,,,,,,,,
99524,,,,,,,,,,,Fiestas de San Pedro,2026-06-29,,,,,,,,,,,,,
99624,,,,,,,,,,,Fiestas de San Antonio,2026-06-13,,,,,,,,,,,,,
99773,,,,,,,,,,,Fiestas de San Isidro Labrador,2026-05-15,,,,,,,,,,,,,
99889,,,,,,,,,,,Fiestas de la Virgen del Carmen,2026-07-16,,,,,,,,,,,,,
EFRANK SINING MELO (suplemente) 84454307,,,,,,,,,,,,,,,,,,,,,,,,,